localization_key,speaker_context,original_display_text,foreign_fragment,source_language,verified_meaning,line_type,reference_source,test_status,notes,review_status
afte_hejtamn_f_oh_ja_ja_d_HjZH,broad source-driven 0.2.6,"Oh ja, ja, das hast du gut gemacht, mein Freund!",,German,"Oh yes, yes, you did that well, my friend!",full,FTFL translation worklist + multilingual Rosetta context; linguistic review,0.2.6 broad beta,broad 0.2.6 beta translation coverage,APPROVED
assa_pratelske_scheisse_I25T,source-driven translation batch 001,Scheiße!,,German,Shit!,full,FTFL translation batch 001; multilingual Rosetta context; linguistic review,0.2.6 regression candidate,family-first source-driven review; safe exact-family propagation may cover sibling keys,APPROVED
bark_soldier_n_krleees_mt6P,broad source-driven 0.2.6,Kyrie eleison!,,Greek,"Lord, have mercy!",full,FTFL translation worklist + multilingual Rosetta context; linguistic review,0.2.6 broad beta,broad 0.2.6 beta translation coverage,APPROVED
bark_treninkov_oh_nein_sc_nW5X,broad source-driven 0.2.6,"Oh, scheiße!",,German,"Oh, shit!",full,FTFL translation worklist + multilingual Rosetta context; linguistic review,0.2.6 broad beta,broad 0.2.6 beta translation coverage,APPROVED
bezn_npc_reagu_vos_machst_W5F6,broad source-driven 0.2.6,Vos makhst du?,,Yiddish,What are you doing?,full,FTFL translation worklist + multilingual Rosetta context; linguistic review,0.2.6 broad beta,broad 0.2.6 beta translation coverage,APPROVED
bff__hrac_pochvalen_bud_n_Nj1A,source-driven translation batch 001,Servus!,,German,Hello!,full,FTFL translation batch 001; multilingual Rosetta context; linguistic review,0.2.6 regression candidate,family-first source-driven review; safe exact-family propagation may cover sibling keys,APPROVED
chat_ptacek_audentes_fort_vocC,broad source-driven 0.2.6,Audentes fortuna iuvat!,,Latin,Fortune favors the bold!,full,FTFL translation worklist + multilingual Rosetta context; linguistic review,0.2.6 broad beta,broad 0.2.6 beta translation coverage,APPROVED
comb_hans_plum_sie_wollen_Hbnw,broad source-driven 0.2.6,Willst du es mir zeigen?,,German,Will you show it to me?,full,FTFL translation worklist + multilingual Rosetta context; linguistic review,0.2.6 broad beta,broad 0.2.6 beta translation coverage,APPROVED
cp_z_henry_o_mangi_la_min_lEFE,broad source-driven 0.2.6,O mangi la minestra o salti dalla finestra.,,Italian,Either eat the soup or jump out the window.,full,FTFL translation worklist + multilingual Rosetta context; linguistic review,0.2.6 broad beta,broad 0.2.6 beta translation coverage,APPROVED
dial_jasak_amit_mondott_xJTB,broad source-driven 0.2.6,Mit mondott?,,Hungarian,What did he say?,full,FTFL translation worklist + multilingual Rosetta context; linguistic review,0.2.6 broad beta,broad 0.2.6 beta translation coverage,APPROVED
endi_rozloucen_auf_wieder_jbrq,broad source-driven 0.2.6,Auf Wiedersehen und einen guten Abend für dich!,,German,"Goodbye, and have a good evening!",full,FTFL translation worklist + multilingual Rosetta context; linguistic review,0.2.6 broad beta,broad 0.2.6 beta translation coverage,APPROVED
endi_rozloucen_auf_wieder_RwmO,broad source-driven 0.2.6,"Auf Wiedersehen, Heinrich!",,German,"Goodbye, Henry!",full,FTFL translation worklist + multilingual Rosetta context; linguistic review,0.2.6 broad beta,broad 0.2.6 beta translation coverage,APPROVED
endi_rozloucen_auf_wieder_T6YC,source-driven translation batch 001,Auf Wiedersehen!,,German,Goodbye!,full,FTFL translation batch 001; multilingual Rosetta context; linguistic review,0.2.6 regression candidate,family-first source-driven review; safe exact-family propagation may cover sibling keys,APPROVED
endi_rozloucen_bachtalo_t_5LpY,broad source-driven 0.2.6,Bakhtalo tiro drom!,,Romani,Good luck on your journey!,full,FTFL translation worklist + multilingual Rosetta context; linguistic review,0.2.6 broad beta,broad 0.2.6 beta translation coverage,APPROVED
endi_rozloucen_bis_bald_di7o,source-driven translation batch 001,Bis bald!,,German,See you soon!,full,FTFL translation batch 001; multilingual Rosetta context; linguistic review,0.2.6 regression candidate,family-first source-driven review; safe exact-family propagation may cover sibling keys,APPROVED
endi_rozloucen_bis_bald_m_VKMW,broad source-driven 0.2.6,"Bis bald, mein Freund!",,German,"See you soon, my friend!",full,FTFL translation worklist + multilingual Rosetta context; linguistic review,0.2.6 broad beta,broad 0.2.6 beta translation coverage,APPROVED
endi_rozloucen_bis_bald_u_TkzD,broad source-driven 0.2.6,Bis bald und einen guten Abend für dich!,,German,"See you soon, and have a good evening!",full,FTFL translation worklist + multilingual Rosetta context; linguistic review,0.2.6 broad beta,broad 0.2.6 beta translation coverage,APPROVED
endi_rozloucen_gott_mit_d_ACOW,broad source-driven 0.2.6,Gott sei mit dir und einen guten Abend.,,German,"God be with you, and have a good evening.",full,FTFL translation worklist + multilingual Rosetta context; linguistic review,0.2.6 broad beta,broad 0.2.6 beta translation coverage,APPROVED
endi_rozloucen_salom_alej_41QQ,source-driven translation batch 001,Sholem aleykhem!,,Yiddish/Hebrew,Peace be upon you!,full,FTFL translation batch 001; multilingual Rosetta context; linguistic review,0.2.6 regression candidate,family-first source-driven review; safe exact-family propagation may cover sibling keys,APPROVED
endi_rozloucen_taves_bach_m1tL,broad source-driven 0.2.6,Te aves bakhtalo!,,Romani,Good luck!,full,FTFL translation worklist + multilingual Rosetta context; linguistic review,0.2.6 broad beta,broad 0.2.6 beta translation coverage,APPROVED
endi_rozloucen_zaj_gezunt_5XCA,source-driven translation batch 001,Zay gezunt!,,Yiddish,Be well!,full,FTFL translation batch 001; multilingual Rosetta context; linguistic review,0.2.6 regression candidate,family-first source-driven review; safe exact-family propagation may cover sibling keys,APPROVED
goss_gossip_na_mein_gott_wBag,broad source-driven 0.2.6,Mein Gott …,,German,My God …,full,FTFL translation worklist + multilingual Rosetta context; linguistic review,0.2.6 broad beta,broad 0.2.6 beta translation coverage,APPROVED
goss_gossip_na_och_BiC6,source-driven translation batch 001,Mein Gott!,,German,My God!,full,FTFL translation batch 001; multilingual Rosetta context; linguistic review,0.2.6 regression candidate,family-first source-driven review; safe exact-family propagation may cover sibling keys,APPROVED
goss_gossip_na_scheisse_Qtgr,broad source-driven 0.2.6,Scheiß drauf!,,German,Screw it!,full,FTFL translation worklist + multilingual Rosetta context; linguistic review,0.2.6 broad beta,broad 0.2.6 beta translation coverage,APPROVED
goss_gossip_ob_masa_umata_kwzj,0.2.6 mandatory regression,Masa u-matan tov!,,Hebrew,Good business!,full,FTFL multilingual Rosetta context; Hebrew masa u-matan = negotiation/business dealings,0.2.6 mandatory regression,mandatory 0.2.6 regression line,APPROVED
gree_obchodnic_was_mochte_1y4m,broad source-driven 0.2.6,Was möchtest du?,,German,What would you like?,full,FTFL translation worklist + multilingual Rosetta context; linguistic review,0.2.6 broad beta,broad 0.2.6 beta translation coverage,APPROVED
gree_obchodnic_was_willst_1SG8,broad source-driven 0.2.6,Was willst du?,,German,What do you want?,full,FTFL translation worklist + multilingual Rosetta context; linguistic review,0.2.6 broad beta,broad 0.2.6 beta translation coverage,APPROVED
gree_obchodnic_was_willst_bdYp,broad source-driven 0.2.6,"Was willst du, du Schuft?",,German,"What do you want, you scoundrel?",full,FTFL translation worklist + multilingual Rosetta context; linguistic review,0.2.6 broad beta,broad 0.2.6 beta translation coverage,APPROVED
gree_obchodnic_was_willst_EwdU,broad source-driven 0.2.6,"Was willst du, Fremder?",,German,"What do you want, stranger?",full,FTFL translation worklist + multilingual Rosetta context; linguistic review,0.2.6 broad beta,broad 0.2.6 beta translation coverage,APPROVED
gree_obchodnic_wie_gehts__Ucov,broad source-driven 0.2.6,"Wie geht's, mein Freund?",,German,"How are you, my friend?",full,FTFL translation worklist + multilingual Rosetta context; linguistic review,0.2.6 broad beta,broad 0.2.6 beta translation coverage,APPROVED
gree_obchodnik_salom_KAfl,broad source-driven 0.2.6,Sholem…,,Yiddish/Hebrew,Hello…,full,FTFL translation worklist + multilingual Rosetta context; linguistic review,0.2.6 broad beta,broad 0.2.6 beta translation coverage,APPROVED
gree_obchodnik_solem_0KZs,broad source-driven 0.2.6,Sholem!,,Yiddish/Hebrew,Hello!,full,FTFL translation worklist + multilingual Rosetta context; linguistic review,0.2.6 broad beta,broad 0.2.6 beta translation coverage,APPROVED
gree_obchodnik_was_ist_lo_AJJT,broad source-driven 0.2.6,Was ist los?,,German,What's wrong?,full,FTFL translation worklist + multilingual Rosetta context; linguistic review,0.2.6 broad beta,broad 0.2.6 beta translation coverage,APPROVED
gree_obchodnik_wie_kann_i_cSy3,broad source-driven 0.2.6,"Wie kann ich dir helfen, mein Freund?",,German,"How can I help you, my friend?",full,FTFL translation worklist + multilingual Rosetta context; linguistic review,0.2.6 broad beta,broad 0.2.6 beta translation coverage,APPROVED
gree_pozdrav_m_aaah_laso__lX0g,0.2.6 mandatory regression,Ahh… Te del o Del lacho dives!,,Romani,Ahh... May God give you a good day!,full,FTFL multilingual Rosetta context; Romani phrase reference,0.2.6 mandatory regression,mandatory 0.2.6 regression line,APPROVED
gree_pozdrav_m_del_tume_o_3t8H,broad source-driven 0.2.6,Mi del o Del tuke lachi rat.,,Romani,May God give you a good night.,full,FTFL translation worklist + multilingual Rosetta context; linguistic review,0.2.6 broad beta,broad 0.2.6 beta translation coverage,APPROVED
gree_pozdrav_m_gepriesen__4Jaf,broad source-driven 0.2.6,Gepriesen sei der Herr!,,German,Praise be to the Lord!,full,FTFL translation worklist + multilingual Rosetta context; linguistic review,0.2.6 broad beta,broad 0.2.6 beta translation coverage,APPROVED
gree_pozdrav_m_gru_gott_w_a2kX,broad source-driven 0.2.6,Grüß Gott! Was willst du denn nachts noch?,,German,God greet you! What do you still want at night?,full,FTFL translation worklist + multilingual Rosetta context; linguistic review,0.2.6 broad beta,broad 0.2.6 beta translation coverage,APPROVED
gree_pozdrav_m_gut_margn_h4P5,0.2.6 mandatory regression,Gut margn!,,Yiddish,Good morning!,full,FTFL multilingual Rosetta context; Yiddish linguistic review,0.2.6 mandatory regression,mandatory 0.2.6 regression line,APPROVED
gree_pozdrav_m_guten_aben_Qxwg,broad source-driven 0.2.6,Guten Abend!,,German,Good evening!,full,FTFL translation worklist + multilingual Rosetta context; linguistic review,0.2.6 broad beta,broad 0.2.6 beta translation coverage,APPROVED
gree_pozdrav_m_guten_morg_5U15,broad source-driven 0.2.6,Guten Morgen und einen gesegneten Tag.,,German,Good morning and have a blessed day.,full,FTFL translation worklist + multilingual Rosetta context; linguistic review,0.2.6 broad beta,broad 0.2.6 beta translation coverage,APPROVED
gree_pozdrav_m_kames_vare_GMEq,0.2.6 mandatory regression,Kames vareso?,,Romani,Do you want something?,full,FTFL multilingual Rosetta context; Romani linguistic review,0.2.6 mandatory regression,mandatory 0.2.6 regression line,APPROVED
gree_pozdrav_m_ma_nisma_xFHi,broad source-driven 0.2.6,"Sholem, fraynd!",,Yiddish/Hebrew,"Hello, friend!",full,FTFL translation worklist + multilingual Rosetta context; linguistic review,0.2.6 broad beta,broad 0.2.6 beta translation coverage,APPROVED
gree_pozdrav_m_oh_devla_gQ7a,0.2.6 mandatory regression,Oh Devla!,,Romani,Oh God!,full,FTFL multilingual Rosetta context; Romani linguistic review,0.2.6 mandatory regression,mandatory 0.2.6 regression line,APPROVED
gree_pozdrav_m_oh_was_sol_SyiD,broad source-driven 0.2.6,Oh ... Was ist los?,,German,Oh ... What's wrong?,full,FTFL translation worklist + multilingual Rosetta context; linguistic review,0.2.6 broad beta,broad 0.2.6 beta translation coverage,APPROVED
gree_pozdrav_m_oy_oy_v2N2,broad source-driven 0.2.6,Vos is los?,,Yiddish/German,What's wrong?,full,FTFL translation worklist + multilingual Rosetta context; linguistic review,0.2.6 broad beta,broad 0.2.6 beta translation coverage,APPROVED
gree_pozdrav_m_servus_mei_EhCJ,broad source-driven 0.2.6,"Servus, mein Freund! Du bist betrunken, stimmt’s?",,German,"Hello, my friend! You're drunk, aren't you?",full,FTFL translation worklist + multilingual Rosetta context; linguistic review,0.2.6 broad beta,broad 0.2.6 beta translation coverage,APPROVED
gree_pozdrav_m_so_rodes_0XJK,broad source-driven 0.2.6,So rodes?,,Romani,What are you looking for?,full,FTFL translation worklist + multilingual Rosetta context; linguistic review,0.2.6 broad beta,broad 0.2.6 beta translation coverage,APPROVED
gree_pozdrav_m_taves_bach_CsvT,0.2.6 mandatory regression,T'aves bachtalo!,,Romani,Good luck!,full,FTFL multilingual Rosetta context; Romani greeting formula verified against Ružake gila,0.2.6 mandatory regression,mandatory 0.2.6 regression line,APPROVED
gree_pozdrav_m_was_ist_lo_eTQr,broad source-driven 0.2.6,"Was ist los, du Säufer?",,German,"What's wrong, you drunkard?",full,FTFL translation worklist + multilingual Rosetta context; linguistic review,0.2.6 broad beta,broad 0.2.6 beta translation coverage,APPROVED
gree_pozdrav_n_du_bist_be_LQIu,broad source-driven 0.2.6,!P Du bist betrunken. Das ist furchtbar!,,German,You're drunk. That's terrible!,full,FTFL translation worklist + multilingual Rosetta context; linguistic review,0.2.6 broad beta,broad 0.2.6 beta translation coverage,APPROVED
gree_pozdrav_n_du_bist_ei_ptsl,broad source-driven 0.2.6,"!P Du bist ein bisschen wackelig, mein Freund.",,German,"You are a little unsteady, my friend.",full,FTFL translation worklist + multilingual Rosetta context; linguistic review,0.2.6 broad beta,broad 0.2.6 beta translation coverage,APPROVED
gree_pozdrav_n_eh_wasch_d_89RQ,broad source-driven 0.2.6,Äh … Wasch dich! Du siehst schrecklich aus.,,German,Uh … Wash yourself! You look terrible.,full,FTFL translation worklist + multilingual Rosetta context; linguistic review,0.2.6 broad beta,broad 0.2.6 beta translation coverage,APPROVED
gree_pozdrav_n_gruss_gott_2tXt,broad source-driven 0.2.6,!P Grüss Gott!,,German,God greet you!,full,FTFL translation worklist + multilingual Rosetta context; linguistic review,0.2.6 broad beta,broad 0.2.6 beta translation coverage,APPROVED
gree_pozdrav_n_guten_aben_W4VZ,broad source-driven 0.2.6,"!P Guten Abend, Heinrich!",,German,"Good evening, Henry!",full,FTFL translation worklist + multilingual Rosetta context; linguistic review,0.2.6 broad beta,broad 0.2.6 beta translation coverage,APPROVED
gree_pozdrav_n_guten_tag_P7yn,broad source-driven 0.2.6,Guten Tag!,,German,Good day!,full,FTFL translation worklist + multilingual Rosetta context; linguistic review,0.2.6 broad beta,broad 0.2.6 beta translation coverage,APPROVED
gree_pozdrav_n_mein_gott__1eLU,broad source-driven 0.2.6,"!P Mein Gott... Du siehst furchtbar aus, Heinrich.",,German,"My God... You look terrible, Henry.",full,FTFL translation worklist + multilingual Rosetta context; linguistic review,0.2.6 broad beta,broad 0.2.6 beta translation coverage,APPROVED
gree_pozdrav_n_mein_gott__JSU5,broad source-driven 0.2.6,!P Mein Gott! Womit belästigst du mich?,,German,My God! What are you bothering me with?,full,FTFL translation worklist + multilingual Rosetta context; linguistic review,0.2.6 broad beta,broad 0.2.6 beta translation coverage,APPROVED
gree_pozdrav_n_mein_gott__USlZ,broad source-driven 0.2.6,Was soll das?,,German,What's that supposed to mean?,full,FTFL translation worklist + multilingual Rosetta context; linguistic review,0.2.6 broad beta,broad 0.2.6 beta translation coverage,APPROVED
gree_pozdrav_n_servus_mann_9uX4,broad source-driven 0.2.6,Grüß dich!,,German,Hello!,full,FTFL translation worklist + multilingual Rosetta context; linguistic review,0.2.6 broad beta,broad 0.2.6 beta translation coverage,APPROVED
gree_pozdrav_n_was_brauch_4wvJ,broad source-driven 0.2.6,Was brauchst du von mir?,,German,What do you need from me?,full,FTFL translation worklist + multilingual Rosetta context; linguistic review,0.2.6 broad beta,broad 0.2.6 beta translation coverage,APPROVED
gree_pozdrav_n_was_willst_nBZ4,broad source-driven 0.2.6,"Was willst du, Schelm?",,German,"What do you want, rogue?",full,FTFL translation worklist + multilingual Rosetta context; linguistic review,0.2.6 broad beta,broad 0.2.6 beta translation coverage,APPROVED
gree_pozdrav_n_wie_kann_i_1TYD,broad source-driven 0.2.6,Wie kann ich dir helfen?,,German,How can I help you?,full,FTFL translation worklist + multilingual Rosetta context; linguistic review,0.2.6 broad beta,broad 0.2.6 beta translation coverage,APPROVED
gree_pozdrav_n_willkommen_7MSG,broad source-driven 0.2.6,"Willkommen, mein Freund!",,German,"Welcome, my friend!",full,FTFL translation worklist + multilingual Rosetta context; linguistic review,0.2.6 broad beta,broad 0.2.6 beta translation coverage,APPROVED
gree_pozdrav_z_mazel_tov_ZBBA,broad source-driven 0.2.6,Mazl tov!,,Yiddish/Hebrew,Congratulations!,full,FTFL translation worklist + multilingual Rosetta context; linguistic review,0.2.6 broad beta,broad 0.2.6 beta translation coverage,APPROVED
gree_pozdrav_z_salom_alej_n9p0,broad source-driven 0.2.6,Sholem aleykhem.,,Yiddish/Hebrew,Peace be upon you.,full,FTFL translation worklist + multilingual Rosetta context; linguistic review,0.2.6 broad beta,broad 0.2.6 beta translation coverage,APPROVED
henr_menhart_z_verstehen__edkX,source-driven translation batch 001,"Verstanden, Ratsherr. Danke.",,German,"Understood, Councillor. Thank you.",full,FTFL translation batch 001; multilingual Rosetta context; linguistic review,0.2.6 regression candidate,family-first source-driven review; safe exact-family propagation may cover sibling keys,APPROVED
hosp_hospodska_nicht_viel_nJz2,broad source-driven 0.2.6,Nicht viel.,,German,Not much.,full,FTFL translation worklist + multilingual Rosetta context; linguistic review,0.2.6 broad beta,broad 0.2.6 beta translation coverage,APPROVED
hosp_hospodska_uf_borech__Rrni,broad source-driven 0.2.6,Borekh ha-shem!,,Yiddish/Hebrew,Blessed be the Name!,full,FTFL translation worklist + multilingual Rosetta context; linguistic review,0.2.6 broad beta,broad 0.2.6 beta translation coverage,APPROVED
hosp_hospodsky_mein_gott__Tcc4,broad source-driven 0.2.6,"Mein Gott, wo ist es?",,German,"My God, where is it?",full,FTFL translation worklist + multilingual Rosetta context; linguistic review,0.2.6 broad beta,broad 0.2.6 beta translation coverage,APPROVED
hosp_hospodsky_oy_oy_vey_OSY6,broad source-driven 0.2.6,"Oy, oy vey!",,Yiddish,"Oh, oh, woe is me!",full,FTFL translation worklist + multilingual Rosetta context; linguistic review,0.2.6 broad beta,broad 0.2.6 beta translation coverage,APPROVED
hosp_hospodyne_konnte_etw_w4rB,broad source-driven 0.2.6,Könnte ein paar Gewürze vertragen.,,German,Could use a few spices.,full,FTFL translation worklist + multilingual Rosetta context; linguistic review,0.2.6 broad beta,broad 0.2.6 beta translation coverage,APPROVED
incl_cechmistr_wunderbar_hgRe,broad source-driven 0.2.6,Wunderbar!,,German,Wonderful!,full,FTFL translation worklist + multilingual Rosetta context; linguistic review,0.2.6 broad beta,broad 0.2.6 beta translation coverage,APPROVED
inga_bohuta_pl_kyrie_elei_M1GZ,broad source-driven 0.2.6,Kyrie eleison.,,Greek,"Lord, have mercy.",full,FTFL translation worklist + multilingual Rosetta context; linguistic review,0.2.6 broad beta,broad 0.2.6 beta translation coverage,APPROVED
kate_henry_hai_due_stelle_Fvmx,broad source-driven 0.2.6,La tua bellezza mi abbaglia!,,Italian,Your beauty dazzles me!,full,FTFL translation worklist + multilingual Rosetta context; linguistic review,0.2.6 broad beta,broad 0.2.6 beta translation coverage,APPROVED
koco_kocovnik__taves_bach_rTUM,0.2.6 mandatory regression,"T-aves bakhtalo, Henry! You are the best!",T-aves bakhtalo,Romani,Good luck!,mixed,FTFL multilingual Rosetta context; Romani greeting formula verified against Ružake gila,0.2.6 mandatory regression,mandatory 0.2.6 mixed-language regression line; preserve existing English tail,APPROVED
kost_kibic_fac_was_ist_das_wEZV,broad source-driven 0.2.6,Was ist das?,,German,What is that?,full,FTFL translation worklist + multilingual Rosetta context; linguistic review,0.2.6 broad beta,broad 0.2.6 beta translation coverage,APPROVED
kost_kostky_bu_verdammt__ifBT,broad source-driven 0.2.6,Verdammt!,,German,Damn!,full,FTFL translation worklist + multilingual Rosetta context; linguistic review,0.2.6 broad beta,broad 0.2.6 beta translation coverage,APPROVED
lamp_lamprecht_praga_capu_oGKP,source-driven translation batch 001,Praga caput regni!,,Latin,"Prague, head of the kingdom!",full,FTFL translation batch 001; multilingual Rosetta context; linguistic review,0.2.6 regression candidate,family-first source-driven review; safe exact-family propagation may cover sibling keys,APPROVED
laze_lazebnice_das_ist_al_aGy0,broad source-driven 0.2.6,"Alles ist fertig, mein Herr.",,German,"Everything is ready, sir.",full,FTFL translation worklist + multilingual Rosetta context; linguistic review,0.2.6 broad beta,broad 0.2.6 beta translation coverage,APPROVED
lega_jindrich__tvuj_klobo_74Ax,broad source-driven 0.2.6,"Buona sera, signori.",,Italian,"Good evening, gentlemen.",full,FTFL translation worklist + multilingual Rosetta context; linguistic review,0.2.6 broad beta,broad 0.2.6 beta translation coverage,APPROVED
menh_menhart_z_verstehen_FQjz,broad source-driven 0.2.6,Ich verstehe.,,German,I understand.,full,FTFL translation worklist + multilingual Rosetta context; linguistic review,0.2.6 broad beta,broad 0.2.6 beta translation coverage,APPROVED
muz__hospodsky_dies_ist_e_uciP,broad source-driven 0.2.6,… Das ist ein anständiges Gasthaus!,,German,… This is a respectable inn!,full,FTFL translation worklist + multilingual Rosetta context; linguistic review,0.2.6 broad beta,broad 0.2.6 beta translation coverage,APPROVED
muz__hospodsky_es_ist_ein_OyyC,broad source-driven 0.2.6,"Es ist eine Ehre, mein Herr.",,German,"It is an honor, sir.",full,FTFL translation worklist + multilingual Rosetta context; linguistic review,0.2.6 broad beta,broad 0.2.6 beta translation coverage,APPROVED
muz__hospodsky_ja_gut_jn1Z,broad source-driven 0.2.6,"Ja, gut.",,German,"Yes, good.",full,FTFL translation worklist + multilingual Rosetta context; linguistic review,0.2.6 broad beta,broad 0.2.6 beta translation coverage,APPROVED
muz__hospodsky_nein_das_i_rTQs,broad source-driven 0.2.6,"Nein, das ist eine gute Kneipe.",,German,"No, this is a good tavern.",full,FTFL translation worklist + multilingual Rosetta context; linguistic review,0.2.6 broad beta,broad 0.2.6 beta translation coverage,APPROVED
muz__hospodsky_sehr_gut_ZNBj,broad source-driven 0.2.6,Sehr gut.,,German,Very good.,full,FTFL translation worklist + multilingual Rosetta context; linguistic review,0.2.6 broad beta,broad 0.2.6 beta translation coverage,APPROVED
muz__muz_prona_rad_sem_ti_e2J3,broad source-driven 0.2.6,"Dankeschön und gute Nacht, mein Herr.",,German,"Thank you and good night, sir.",full,FTFL translation worklist + multilingual Rosetta context; linguistic review,0.2.6 broad beta,broad 0.2.6 beta translation coverage,APPROVED
muz__muz_prona_warum__SoWG,broad source-driven 0.2.6,Warum?,,German,Why?,full,FTFL translation worklist + multilingual Rosetta context; linguistic review,0.2.6 broad beta,broad 0.2.6 beta translation coverage,APPROVED
muz__muz_prona_wie_ich_be_hmsG,broad source-driven 0.2.6,Danke. Wie ich bereits sagte …,,German,Thank you. As I already said …,full,FTFL translation worklist + multilingual Rosetta context; linguistic review,0.2.6 broad beta,broad 0.2.6 beta translation coverage,APPROVED
neko_nekoho_ta_zabiju_te_UPnQ,broad source-driven 0.2.6,Kinyírlak!,,Hungarian,I'll kill you!,full,FTFL translation worklist + multilingual Rosetta context; linguistic review,0.2.6 broad beta,broad 0.2.6 beta translation coverage,APPROVED
npc__kuman_cri_jdi_odsud_xMRg,broad source-driven 0.2.6,Menj el!,,Hungarian,Go away!,full,FTFL translation worklist + multilingual Rosetta context; linguistic review,0.2.6 broad beta,broad 0.2.6 beta translation coverage,APPROVED
npc__muz_samom_ach_was_so_j4Fj,broad source-driven 0.2.6,"Ach, was soll’s.",,German,"Ah, what does it matter.",full,FTFL translation worklist + multilingual Rosetta context; linguistic review,0.2.6 broad beta,broad 0.2.6 beta translation coverage,APPROVED
npc__muz_samom_oy_gevalt_p7Zi,broad source-driven 0.2.6,Oy gevalt?!,,Yiddish,Oh no?!,full,FTFL translation worklist + multilingual Rosetta context; linguistic review,0.2.6 broad beta,broad 0.2.6 beta translation coverage,APPROVED
npc__npc_bylo__geh_zum_te_W9Su,broad source-driven 0.2.6,Scher dich zum Teufel!,,German,Go to hell!,full,FTFL translation worklist + multilingual Rosetta context; linguistic review,0.2.6 broad beta,broad 0.2.6 beta translation coverage,APPROVED
npc__npc_vidi__halt_prest_JFuH,broad source-driven 0.2.6,Was machst du?,,German,What are you doing?,full,FTFL translation worklist + multilingual Rosetta context; linguistic review,0.2.6 broad beta,broad 0.2.6 beta translation coverage,APPROVED
npc__npc_vidi__neohrozuj__j3UB,broad source-driven 0.2.6,Was soll das denn?,,German,What's that supposed to be?,full,FTFL translation worklist + multilingual Rosetta context; linguistic review,0.2.6 broad beta,broad 0.2.6 beta translation coverage,APPROVED
odmi_npc_odmit_nein_so_et_ICFB,broad source-driven 0.2.6,"Nein, bestimmt nicht!",,German,"No, certainly not!",full,FTFL translation worklist + multilingual Rosetta context; linguistic review,0.2.6 broad beta,broad 0.2.6 beta translation coverage,APPROVED
ph_j_brabant_dlouha_uplne_2kyF,broad source-driven 0.2.6,"Fatta la legge, trovato l'inganno.",,Italian,"Once the law is made, the loophole is found.",full,FTFL translation worklist + multilingual Rosetta context; linguistic review,0.2.6 broad beta,broad 0.2.6 beta translation coverage,APPROVED
posl_event_hla_das_ist_bl_grGR,broad source-driven 0.2.6,Das ist Blödsinn! Das ist alles Unsinn!,,German,That's nonsense! It's all nonsense!,full,FTFL translation worklist + multilingual Rosetta context; linguistic review,0.2.6 broad beta,broad 0.2.6 beta translation coverage,APPROVED
pozd_npc_zdrav_gru_gott_9KrT,broad source-driven 0.2.6,Grüß Gott!,,German,God greet you!,full,FTFL translation worklist + multilingual Rosetta context; linguistic review,0.2.6 broad beta,broad 0.2.6 beta translation coverage,APPROVED
pozd_npc_zdrav_jom_tov__itGG,broad source-driven 0.2.6,A gutn tog!,,Yiddish,Good day!,full,FTFL translation worklist + multilingual Rosetta context; linguistic review,0.2.6 broad beta,broad 0.2.6 beta translation coverage,APPROVED
pozd_pozdrav_k_szia_kdRC,broad source-driven 0.2.6,Üdvözlet!,,Hungarian,Greetings!,full,FTFL translation worklist + multilingual Rosetta context; linguistic review,0.2.6 broad beta,broad 0.2.6 beta translation coverage,APPROVED
pozd_pozdrav_n_gott_segne_4flq,broad source-driven 0.2.6,Gott segne dich!,,German,God bless you!,full,FTFL translation worklist + multilingual Rosetta context; linguistic review,0.2.6 broad beta,broad 0.2.6 beta translation coverage,APPROVED
pozd_pozdrav_n_guten_tag_eHbA,broad source-driven 0.2.6,"Schön, dich zu sehen.",,German,Nice to see you.,full,FTFL translation worklist + multilingual Rosetta context; linguistic review,0.2.6 broad beta,broad 0.2.6 beta translation coverage,APPROVED
pozd_sousedsky_grue_h65C,broad source-driven 0.2.6,"Ja, ja... servus!",,German,"Yes, yes... hello!",full,FTFL translation worklist + multilingual Rosetta context; linguistic review,0.2.6 broad beta,broad 0.2.6 beta translation coverage,APPROVED
pozd_uctivy_po_gott_segne_WCSp,broad source-driven 0.2.6,"Gott segne dich, mein Herr!",,German,"God bless you, sir!",full,FTFL translation worklist + multilingual Rosetta context; linguistic review,0.2.6 broad beta,broad 0.2.6 beta translation coverage,APPROVED
pozd_uctivy_po_naturlich__42x1,broad source-driven 0.2.6,"Natürlich, kein Problem.",,German,"Of course, no problem.",full,FTFL translation worklist + multilingual Rosetta context; linguistic review,0.2.6 broad beta,broad 0.2.6 beta translation coverage,APPROVED
pras_rychtar_p_bezva_mas__YDmG,broad source-driven 0.2.6,Ausgezeichnet!,,German,Excellent!,full,FTFL translation worklist + multilingual Rosetta context; linguistic review,0.2.6 broad beta,broad 0.2.6 beta translation coverage,APPROVED
priv_obchodnic_du_hast_gl_307i,broad source-driven 0.2.6,"Du hast Glück, ich wollte gerade schließen.",,German,"You're lucky, I was just about to close.",full,FTFL translation worklist + multilingual Rosetta context; linguistic review,0.2.6 broad beta,broad 0.2.6 beta translation coverage,APPROVED
rozl_obchodnic_ausgezeich_cgIJ,broad source-driven 0.2.6,"Ausgezeichnet! Du hast ein gutes Geschäft gemacht, mein Freund! Bis bald!",,German,"Excellent! You made a good deal, my friend! See you soon!",full,FTFL translation worklist + multilingual Rosetta context; linguistic review,0.2.6 broad beta,broad 0.2.6 beta translation coverage,APPROVED
rozl_obchodnic_ausgezeich_EF9v,broad source-driven 0.2.6,"Ausgezeichnet! Du hast ein gutes Geschäft gemacht, mein Herr! Lebe wohl!",,German,"Excellent! You made a good deal, sir! Farewell!",full,FTFL translation worklist + multilingual Rosetta context; linguistic review,0.2.6 broad beta,broad 0.2.6 beta translation coverage,APPROVED
rozl_obchodnic_ausgezeich_SSVG,broad source-driven 0.2.6,"Ausgezeichnet! Du wirst sicher zufrieden sein, mein Freund! Lebe wohl!",,German,"Excellent! You will surely be satisfied, my friend! Farewell!",full,FTFL translation worklist + multilingual Rosetta context; linguistic review,0.2.6 broad beta,broad 0.2.6 beta translation coverage,APPROVED
rozl_obchodnic_danke_das__iWvg,broad source-driven 0.2.6,"Danke. Das war ein gutes Geschäft, mein Herr!",,German,"Thank you. That was a good deal, sir!",full,FTFL translation worklist + multilingual Rosetta context; linguistic review,0.2.6 broad beta,broad 0.2.6 beta translation coverage,APPROVED
rozl_obchodnic_danke_und__kmLF,broad source-driven 0.2.6,"Danke und viel Glück für die Zukunft, mein Herr.",,German,"Thank you, and good luck in the future, sir.",full,FTFL translation worklist + multilingual Rosetta context; linguistic review,0.2.6 broad beta,broad 0.2.6 beta translation coverage,APPROVED
rozl_obchodnic_danke_und__TBcu,broad source-driven 0.2.6,"Danke und viel Glück für die Zukunft, mein Freund.",,German,"Thank you, and good luck in the future, my friend.",full,FTFL translation worklist + multilingual Rosetta context; linguistic review,0.2.6 broad beta,broad 0.2.6 beta translation coverage,APPROVED
rozl_obchodnic_oh_es_ist__ooCf,broad source-driven 0.2.6,"Das ist aber schade, mein Freund.",,German,"That's a shame, my friend.",full,FTFL translation worklist + multilingual Rosetta context; linguistic review,0.2.6 broad beta,broad 0.2.6 beta translation coverage,APPROVED
rozl_obchodnic_sie_sicher_XhU6,broad source-driven 0.2.6,"Du wirst sicher zufrieden sein, mein Freund!",,German,"You will surely be satisfied, my friend!",full,FTFL translation worklist + multilingual Rosetta context; linguistic review,0.2.6 broad beta,broad 0.2.6 beta translation coverage,APPROVED
rozl_obchodnic_vielen_dan_8qcc,broad source-driven 0.2.6,"Vielen Dank, mein Freund! Es war mir eine Freude. Bis bald!",,German,"Thank you very much, my friend! It was a pleasure. See you soon!",full,FTFL translation worklist + multilingual Rosetta context; linguistic review,0.2.6 broad beta,broad 0.2.6 beta translation coverage,APPROVED
rozl_obchodnic_vielen_dan_Jbzx,broad source-driven 0.2.6,"Vielen Dank! Es war mir eine Freude, mit dir Geschäfte zu machen, mein Freund!",,German,"Thank you very much! It was a pleasure doing business with you, my friend!",full,FTFL translation worklist + multilingual Rosetta context; linguistic review,0.2.6 broad beta,broad 0.2.6 beta translation coverage,APPROVED
rozl_obchodnic_vielen_dan_pTFA,broad source-driven 0.2.6,"Vielen Dank! Es war mir eine Freude, mit dir Geschäfte zu machen, mein Herr!",,German,"Thank you very much! It was a pleasure doing business with you, sir!",full,FTFL translation worklist + multilingual Rosetta context; linguistic review,0.2.6 broad beta,broad 0.2.6 beta translation coverage,APPROVED
rozl_rozloucen_auf_wieder_50wK,broad source-driven 0.2.6,Gut. Du kannst jetzt gehen. Wiedersehen.,,German,Good. You can go now. Goodbye.,full,FTFL translation worklist + multilingual Rosetta context; linguistic review,0.2.6 broad beta,broad 0.2.6 beta translation coverage,APPROVED
rozl_rozloucen_tschuss_CM0e,broad source-driven 0.2.6,Tschüss!,,German,Bye!,full,FTFL translation worklist + multilingual Rosetta context; linguistic review,0.2.6 broad beta,broad 0.2.6 beta translation coverage,APPROVED
situ_situace_p_besser_der_BCZA,broad source-driven 0.2.6,"Ein Pranger für die Guten, ein Galgen für die Schurken!",,German,"A pillory for the good, a gallows for the scoundrels!",full,FTFL translation worklist + multilingual Rosetta context; linguistic review,0.2.6 broad beta,broad 0.2.6 beta translation coverage,APPROVED
situ_situace_p_ich_hoffe__Ghog,broad source-driven 0.2.6,"Ich hoffe, sie hängen dich nächstes Mal auf, du Mistkerl!",,German,"I hope they hang you next time, you bastard!",full,FTFL translation worklist + multilingual Rosetta context; linguistic review,0.2.6 broad beta,broad 0.2.6 beta translation coverage,APPROVED
situ_situace_p_sei_froh_d_SCEi,broad source-driven 0.2.6,"Sei froh, dass du deinen Kopf noch auf den Schultern hast!",,German,Be glad you still have your head on your shoulders!,full,FTFL translation worklist + multilingual Rosetta context; linguistic review,0.2.6 broad beta,broad 0.2.6 beta translation coverage,APPROVED
situ_situace_p_was_du_get_3Euf,broad source-driven 0.2.6,Das hast du dir selbst zu verdanken!,,German,You have only yourself to blame for that!,full,FTFL translation worklist + multilingual Rosetta context; linguistic review,0.2.6 broad beta,broad 0.2.6 beta translation coverage,APPROVED
smlo_smlouvani_hm_das_sti_UrAI,broad source-driven 0.2.6,"Hmm, das stinkt zum Himmel.",,German,"Hmm, that stinks to high heaven.",full,FTFL translation worklist + multilingual Rosetta context; linguistic review,0.2.6 broad beta,broad 0.2.6 beta translation coverage,APPROVED
smlo_smlouvani_nein_das_i_A9Kl,broad source-driven 0.2.6,"Nein, das bringt doch nichts.",,German,"No, that's no use.",full,FTFL translation worklist + multilingual Rosetta context; linguistic review,0.2.6 broad beta,broad 0.2.6 beta translation coverage,APPROVED
star_vozka_voz_huah_los_L1g4,broad source-driven 0.2.6,"Hüa, los!",,German,"Hyah, go!",full,FTFL translation worklist + multilingual Rosetta context; linguistic review,0.2.6 broad beta,broad 0.2.6 beta translation coverage,APPROVED
vrac_farar_ant_scientia_e_6hjw,source-driven translation batch 001,Scientia est potentia.,,Latin,Knowledge is power.,full,FTFL translation batch 001; multilingual Rosetta context; linguistic review,0.2.6 regression candidate,family-first source-driven review; safe exact-family propagation may cover sibling keys,APPROVED
vysl_safarik_vade_retro_s_TsU0,source-driven translation batch 001,Vade retro Satana!,,Latin,"Get behind me, Satan!",full,FTFL translation batch 001; multilingual Rosetta context; linguistic review,0.2.6 regression candidate,family-first source-driven review; safe exact-family propagation may cover sibling keys,APPROVED
vyvo_vyvolavan_die_besten_KfQk,broad source-driven 0.2.6,"Die besten Produkte auf dem Markt! Gute Preise! Kommt, Leute, kommt!",,German,"The best products on the market! Good prices! Come, people, come!",full,FTFL translation worklist + multilingual Rosetta context; linguistic review,0.2.6 broad beta,broad 0.2.6 beta translation coverage,APPROVED
vyvo_vyvolavan_einkaufen__QRDo,broad source-driven 0.2.6,"Kauft ein, kauft ein! Ich schließe bald … Kommt und kauft, Leute!",,German,"Buy, buy! I'm closing soon … Come and buy, people!",full,FTFL translation worklist + multilingual Rosetta context; linguistic review,0.2.6 broad beta,broad 0.2.6 beta translation coverage,APPROVED
