token,all_candidate_occurrences,high_confidence_occurrences
Henry,491,43
mein,191,74
Kuttenberg,182,30
Gott,156,72
Albich,155,10
Freund,118,51
Sigismund,112,15
nicht,111,58
Bergow,99,16
groschen,94,8
dich,93,51
Voyta,85,12
Mein,73,29
Capon,73,14
Herr,73,35
Scheiße,67,18
Heinrich,66,25
Semine,64,8
Trosky,57,8
Kurva,55,7
Grüß,54,45
Zacharias,52,4
Peter,51,7
Sakra,51,2
hogy,51,49
Bavor,50,4
Hans,48,6
László,48,18
Skalitz,47,10
Nein,47,16
Sedletz,46,8
mich,42,25
bist,42,12
Jaroslav,42,7
crime,42,0
speech,41,0
noch,40,16
check,40,0
Zizka,39,7
plan,38,4
soste,38,2
vagy,38,32
Mann,38,11
Meister,37,11
willst,37,18
hast,36,13
Aber,36,14
Katherine,36,4
Haha,35,5
Volf,35,3
Burkhard,35,4
gadjo,34,5
Martin,34,6
eine,34,21
Bellissimo,34,7
Jobst,32,6
Blazhena,32,4
Pirkstein,31,6
Crispin,31,2
Olda,31,0
piče,31,5
Troskowitz,31,3
meine,31,11
volt,31,27
goro,31,0
csak,30,27
Menhard,29,7
Maleshov,29,4
kann,29,11
Godwin,28,4
hier,27,8
Radzig,27,10
Hanush,27,4
Hmmm,27,2
Mikush,27,3
schon,27,15
chance,26,4
nein,26,14
already,26,0
schön,25,19
kurva,25,5
Otto,25,5
altar,25,8
jetzt,25,11
djal,24,0
Marika,24,2
Komm,24,12
Adela,24,3
Farkas,24,17
more,23,0
Nebakov,23,5
Bohush,23,3
Pavlena,23,0
Leipa,23,1
Natürlich,23,10
habe,23,11
Wiedersehen,23,6
Glück,23,17
nichts,22,5
Devla,22,5
Pushko,22,4
Ruthard,22,2
tuke,22,1
Schön,22,15
Gejza,22,10
natürlich,21,9
Frankfurt,21,6
Istvan,21,5
Pisek,21,6
Guten,21,6
tournament,21,0
Danke,21,13
Ulrich,20,2
Zdenyek,20,1
than,20,1
dank,20,2
Morgen,20,4
Zhelejov,20,4
perk,20,0
doch,19,5
Dank,19,9
djas,19,0
Kreyzl,19,4
Kunstadt,19,4
Klaus,19,0
Hahaha,19,1
junger,19,6
haha,19,3
aber,19,8
Verdammt,19,3
Tachov,18,6
Shkoda,18,2
sein,18,6
Grund,18,4
Olbert,18,5
heute,18,8
Margrave,17,2
Kobyla,17,7
Brabant,17,3
Benedict,17,3
Argh,17,0
Chertan,17,3
Warum,17,8
tiro,17,0
fraynd,17,0
Ludolf,17,0
Kames,17,1
vareso,17,1
u-matan,17,0
Libor,17,2
Vendula,17,2
Gyerünk,16,9
Hynek,16,5
Liechtenstein,16,3
Hashek,16,0
Rattay,16,1
auch,16,11
megint,16,10
weiß,16,12
einen,16,7
Emmeram,16,4
Jezhek,16,1
Geschäft,16,9
Tibor,16,7
Arne,15,3
helfen,15,8
lesz,15,11
Aaah,15,3
Rosa,15,1
like,15,2
time,15,2
bald,15,6
Tschüss,15,2
őket,15,9
most,15,13
Eldris,15,1
Sehr,14,2
rohadék,14,7
Nicholas,14,0
Ambrose,14,0
Chrudosh,14,0
sehen,14,11
Roman,14,0
dilino,14,2
Ernest,14,4
bitte,14,6
wieder,14,4
Servus,14,6
Zavish,14,3
etwas,14,5
Vavak,14,0
success,14,0
oder,13,6
Geld,13,11
Fechter,13,2
mint,13,12
Anna,13,1
Katz,13,2
Erik,13,1
Christian,13,1
vole,13,3
Horschan,13,4
animal,13,0
it's,13,1
valami,13,13
Fabrizio,13,1
Bakhtalo,13,0
drom,13,0
Boleslav,13,3
Standa,13,0
siehst,13,3
denn,13,5
volna,13,13
masa,13,0
Mesoles,13,3
innen,13,9
Clovis,13,1
König,13,11
fight,13,1
fail,13,0
Problem,12,6
wird,12,6
Toth,12,4
Thrush,12,2
wohl,12,5
Olbram,12,2
Also,12,6
Konrad,12,1
Musa,12,2
Miskowitz,12,3
machen,12,5
hahaha,12,1
Abend,12,5
aves,12,1
Garbow,12,4
Lumir,12,0
Scheiß,12,8
viel,12,5
Wenzel,12,6
going,11,1
Botschek,11,2
Magdalena,11,1
wirst,11,1
immer,11,2
Vashek,11,0
Suchdol,11,0
Grozav,11,2
Most,11,7
Fridusch,11,2
Buresh,11,1
kein,11,4
Meine,11,3
francba,11,5
about,11,0
picsába,11,5
baro,11,2
Sholem,11,0
Arschloch,11,1
Csak,11,11
akkor,11,11
möchtest,11,7
Säufer,11,7
nackt,11,3
Leute,11,5
Janosh,11,0
ha-shem,11,1
Suchotlesky,11,6
victory,11,0
Chenyek,10,0
alles,10,6
gute,10,5
kutya,10,5
miro,10,2
akarsz,10,5
Ahhh,10,0
Ventza,10,1
Apollonia,10,0
majd,10,10
drauf,10,8
Betty,10,0
ganz,10,7
Eichner,10,3
ilyen,10,10
Planck,10,1
Langschwert,10,3
richtig,10,2
Veles,10,1
soll,10,3
Miért,10,8
kell,10,7
don't,10,2
Frau,10,5
mindig,10,6
würde,10,10
rodes,10,1
Blut,10,6
brauchst,10,8
Raborsch,10,1
Holohlavy,10,1
Kommt,10,6
pičo,10,3
Scheißkerl,10,6
Benesh,10,1
sono,10,2
Vielen,10,6
Borekh,10,2
assault,10,0
gemacht,9,5
sigh,9,0
Oderin,9,1
Karl,9,2
dann,9,4
guten,9,4
gibt,9,1
Moravia,9,1
bien,9,5
Hoprink,9,3
sind,9,5
warum,9,7
soll’s,9,4
dass,9,0
Theodoric,9,1
hehe,9,0
Sasau,9,2
Hanka,9,0
Pschitoky,9,0
Agnes,9,1
Svatava,9,1
Jarka,9,2
Bruder,9,3
Grüss,9,5
Maria,9,2
Vuytek,9,0
Lacho,9,0
sheyn,9,4
Bite,9,3
betrunken,9,5
weißt,9,9
andre,9,2
deine,9,2
Vostatek,9,1
Bier,9,4
Húzz,9,6
Prokop,9,1
Kolin,9,4
Nikvard,9,0
Kunzlin,9,0
Bruderschaft,9,2
gutes,9,9
Davar,9,0
Freude,9,7
Bentley,9,2
sicher,9,0
multiple,9,0
Joachim,8,1
sehr,8,6
Jetzt,8,5
geht’s,8,4
besser,8,2
Vitus,8,0
you're,8,0
Damian,8,1
szép,8,6
Alder,8,1
Bonnie,8,1
Samuel,8,2
Audentes,8,1
Karel,8,2
Markvart,8,2
wenn,8,5
nach,8,5
werde,8,5
Barbara,8,1
Jurko,8,1
Solomon,8,0
Koniash,8,0
Brada,8,2
nekem,8,7
békén,8,5
schade,8,1
fenébe,8,5
Igen,8,5
neki,8,4
Andre,8,1
last,8,1
aztán,8,7
You're,8,0
Vlasta,8,0
segne,8,0
bakhtalo,8,0
Viel,8,3
scriptorium,8,1
gyere,8,7
wünschst,8,6
džal,8,2
stinkst,8,8
Aaaah,8,0
Thomlin,8,0
Teufel,8,0
werden,8,3
Bylany,8,1
Burgrave,8,0
Libak,8,1
Slavek,8,1
gehen,8,2
Matthew,8,0
Dondi,8,1
Ranyek,8,0
side,8,0
discipline,8,0
round,8,0
Monsieur,7,3
sagen,7,5
einfach,7,4
kibaszott,7,6
píči,7,0
vissza,7,6
Arsch,7,3
Vauquelin,7,1
Mmmm,7,1
Alice,7,0
Amen,7,0
Domine,7,2
Zinek,7,1
Hermes,7,3
Bien,7,1
Jitka,7,1
neked,7,7
nobis,7,0
Hehe,7,3
keine,7,0
fertig,7,0
proprio,7,6
Charles,7,1
Michael,7,2
Uniczow,7,1
tecum,7,2
elég,7,6
Vigyázz,7,3
Victoria,7,0
Petronilla,7,3
Nicht,7,3
Hagyj,7,5
Adam,7,0
lehet,7,4
mishtes,7,2
gerne,7,3
Boris,7,2
gehört,7,7
shero,7,0
aleykhem,7,0
he's,7,1
know,7,0
some,7,0
schrecklich,7,2
Ganz,7,2
muss,7,2
Szóval,7,7
Nincs,7,5
Hier,7,0
getan,7,0
Hast,7,4
Hensel,7,0
mikh,7,0
Ausgezeichnet,7,5
Alles,7,3
möglich,7,2
Yura,7,0
sera,7,0
stimmt,7,1
recht,7,0
Raus,7,4
Stephen,7,2
kannst,7,1
Elég,7,5
Krügel,7,5
Introduction,7,0
Chapon,6,2
Talmberg,6,1
Christopher,6,0
Franzi,6,2
Vielleicht,6,3
Hilfe,6,3
Hund,6,3
Aranka,6,1
Gules,6,1
Thomas,6,1
Köter,6,3
nomine,6,2
Domini,6,2
Waldstein,6,1
Bozhena,6,0
Henri,6,0
Vous,6,6
Zimburg,6,1
komm,6,1
Fortuna,6,1
Hahahaha,6,0
tuum,6,4
Plümel,6,0
wäre,6,6
sollte,6,2
wahr,6,3
Fatta,6,0
legge,6,0
trovato,6,0
mangi,6,1
minestra,6,1
salti,6,1
dalla,6,1
finestra,6,1
tudom,6,5
local,6,1
Schwein,6,1
legyen,6,5
Bassza,6,5
Akkor,6,5
érted,6,6
vele,6,5
Jasak,6,1
džas,6,1
should,6,0
Mishtes,6,2
good,6,0
think,6,0
mindj,6,1
zwei,6,4
Entschuldigung,6,2
reicht,6,2
Schurke,6,0
Anton,6,3
Don't,6,2
keinen,6,3
Ärger,6,6
Remélem,6,6
amikor,6,6
pont,6,5
vagyok,6,3
igen,6,4
kéne,6,5
machst,6,1
makhst,6,2
bisschen,6,2
furchtbar,6,1
Sünde,6,6
Hintern,6,3
ziemlich,6,6
Trunkenheit,6,4
Schönen,6,4
Bist,6,1
einem,6,3
Nacht,6,4
fasz,6,4
Loyza,6,0
Kaiser,6,4
Jeshek,6,0
schließe,6,6
vorbei,6,4
mach,6,3
haben,6,4
Lass,6,2
Urgh,6,0
Myshka,6,0
Buona,6,0
signori,6,0
baccalá,6,5
Dominus,6,0
libera,6,0
Henik,6,1
Dorothy,6,0
bereit,6,4
disznó,6,3
Verdammte,6,6
mehr,6,2
geht,6,1
bestimmt,6,0
Blödsinn,6,4
Padua,6,3
zufrieden,6,0
opponent,6,0
health,6,0
murder,6,0
Maddie,5,0
Tess,5,0
verdammt,5,3
Zeit,5,1
guter,5,0
mange,5,0
életbe,5,2
lass,5,1
Mistkerl,5,2
mori,5,0
Erlik,5,3
pofádba,5,2
rossz,5,5
Mark,5,0
Noch,5,2
chevalier,5,1
Biest,5,3
vous,5,2
Zamur,5,1
Mikolai,5,0
Requiem,5,2
dona,5,2
Trismegistos,5,2
Macht,5,1
Johan,5,2
schlecht,5,4
értem,5,4
Iuvat,5,1
Pasha,5,1
nostra,5,0
Aulitz,5,3
Schwertmeister,5,2
wirklich,5,1
l'inganno,5,0
Brandenburg,5,0
egész,5,4
nincs,5,3
Benedictio,5,2
magad,5,3
Enrico,5,1
ehem,5,0
Pavel,5,0
Keine,5,3
George,5,0
Naaz,5,1
Prochek,5,2
bele,5,4
Menj,5,5
Oats,5,0
You've,5,1
dakeri,5,0
faszomba,5,5
Hendl,5,0
Verdammter,5,4
Devleha,5,2
bakht,5,0
gezunt,5,0
original,5,0
Florian,5,0
Denes,5,1
Tarmark,5,1
vielen,5,0
Gerda,5,0
Jara,5,1
It's,5,0
even,5,1
take,5,0
just,5,0
didn't,5,0
hear,5,0
deinem,5,2
Rathaus,5,3
mindent,5,5
Doprdele,5,0
össze,5,5
wunderschön,5,2
Svatya,5,0
Zsigmond,5,2
there's,5,0
look,5,1
mondom,5,5
Dikhas,5,0
dives,5,1
Trinkst,5,0
morgens,5,0
herumzulaufen,5,2
Narr,5,0
Kampf,5,3
deinen,5,2
Welvar,5,0
vagyunk,5,4
noble,5,1
Bitte,5,4
kalt,5,4
diese,5,2
fogok,5,5
kellett,5,5
Mlada,5,0
Fecit,5,0
ordinem,5,0
clavi,5,0
ferrei,5,0
Jakesh,5,0
Entschuldige,5,3
Fett,5,3
hoffe,5,4
peske,5,0
Bazmeg,5,3
Stanya,5,1
Zdena,5,2
Junge,5,0
Land,5,3
Fechthalle,5,0
Nikolas,5,2
Kein,5,2
Hallo,5,1
Schwert,5,3
Scher,5,0
Pater,5,3
noster,5,3
Leck,5,1
Tauber,5,4
ebből,5,4
war’s,5,2
Fürs,5,5
kommt,5,2
Sheynem,5,0
sakra,5,0
ennyi,5,3
Räuber,5,4
Gerd,5,0
namishtes,5,0
Frantzin,5,5
William,5,0
hältst,5,5
Epes,5,0
Kvyeta,5,0
Fabian,5,0
soldier's,5,0
less,5,0
half,5,0
below,5,0
player,5,0
first,5,0
bark,5,1
grai,4,0
hatte,4,3
Fechten,4,1
dafür,4,2
könnte,4,4
also,4,2
imar,4,0
Waffe,4,0
Bastard,4,3
Lasst,4,2
kämpfen,4,4
Ehhh,4,0
pofád,4,2
Juhééé,4,2
Milyen,4,4
veled,4,3
táborba,4,1
magam,4,3
Baron,4,1
d'Arrezo,4,1
Karachin,4,3
csinálsz,4,1
nyila,4,1
Benedictus,4,0
Deus,4,1
Franz,4,0
Très,4,3
moment,4,1
Kubyenka,4,0
Bushek,4,1
Pilger,4,4
weiter,4,1
Köszönöm,4,3
Lord,4,2
dimitte,4,0
debita,4,0
sicut,4,2
Chevalier,4,2
fortuna,4,0
Kifelé,4,1
Unsinn,4,2
Truppe,4,2
Arbeit,4,1
Wysoka,4,0
Koda,4,0
Halt,4,1
Rabstein,4,1
minket,4,3
tele,4,2
Mire,4,1
Taras,4,1
jsem,4,3
Morgenstern,4,1
Mali,4,1
Plumel,4,1
Pfft,4,0
Aufhören,4,1
Dann,4,1
Nebak,4,0
nyomorult,4,4
Hogy,4,4
alone,4,1
ugye,4,4
lost,4,0
tebe,4,4
khas,4,0
fene,4,3
tute,4,0
Schmied,4,2
Istenem,4,1
fuck,4,0
genau,4,1
selbst,4,1
Freunde,4,1
glaube,4,2
Pferd,4,2
verdammte,4,1
sastyipen,4,0
Nane,4,0
Erfolg,4,0
Shimek,4,0
hahahaha,4,1
Siegfried,4,1
Mary,4,3
said,4,1
around,4,0
boggle,4,0
d'you,4,0
right,4,0
best,4,1
today,4,0
wants,4,0
over,4,0
mean,4,0
isn't,4,0
There's,4,0
other,4,1
sich,4,3
gibt’s,4,2
geld,4,1
azok,4,4
voltam,4,4
mindegy,4,4
róla,4,4
megnézem,4,3
mintha,4,4
őrült,4,3
büdös,4,4
pokolba,4,3
Valami,4,4
verstehe,4,1
coming,4,1
baszd,4,2
lenne,4,4
Nürnberg,4,2
djives,4,0
gleich,4,1
wackelig,4,0
Schmutzfink,4,2
Wasch,4,2
schaden,4,4
voller,4,2
nachts,4,4
prächtig,4,1
gesegneten,4,0
Übertreibe,4,4
nackter,4,0
fühle,4,4
friend,4,0
dreckig,4,0
morning,4,0
tust,4,1
blood,4,0
piča,4,1
Schande,4,3
Bürger,4,4
normal,4,1
Andreas,4,1
Hände,4,2
mache,4,0
anderen,4,2
Heute,4,2
davar,4,0
Kläffer,4,4
Sorge,4,2
schnell,4,1
Damen,4,2
dieser,4,1
Zeug,4,3
Kopanina,4,1
left,4,0
Dögölj,4,0
téged,4,3
Hölle,4,4
Wartenberg,4,0
Talán,4,4
Inkább,4,4
Bruthans,4,0
regione,4,0
hmmm,4,0
John,4,2
trinken,4,3
Jesus,4,1
sheynem,4,0
prekal,4,1
nane,4,0
hittem,4,4
gern,4,4
Hradetz,4,1
bereits,4,3
Paul,4,0
proda,4,0
chacho,4,0
magister,4,0
malo,4,0
Hollander,4,2
Richtig,4,0
Reich,4,3
Gefecht,4,2
Kuttenberger,4,2
Wunderbar,4,2
Slatego,4,0
nomen,4,2
Tűnj,4,2
Takarodj,4,3
Nyomás,4,1
Kinyírlak,4,1
szemétláda,4,0
Laches,4,1
lieber,4,1
mayn,4,0
schnapps,4,0
Scusi,4,0
perso,4,0
Herrin,4,1
tűnj,4,4
nächstes,4,3
völlig,4,4
Tuchmacher,4,0
Vidlak,4,3
hätte,4,4
Lebe,4,2
Zukunft,4,4
Masa,4,0
Geschäfte,4,4
Euch,4,0
Radovan,4,0
Valerie,4,0
geht's,4,0
advantage,4,0
longsword,4,0
winner,4,0
final,4,0
pickpocket,4,0
besten,4,0
Produkte,4,0
kauft,4,4
Casper,3,2
Havel,3,1
chay,3,2
verstehst,3,1
Stoffe,3,1
beste,3,1
Kämpfen,3,0
Namen,3,0
Kerl,3,2
Soske,3,0
Pech,3,1
Brunswick,3,0
Ssss,3,0
Szétverem,3,1
ördög,3,3
összes,3,3
látni,3,3
Zwerk,3,0
must,3,0
somewhere,3,0
suis,3,2
Satan,3,1
Haman,3,0
Braver,3,2
Dieu,3,2
Dame,3,1
yawn,3,0
Bibrek,3,0
Vasko,3,1
Gyorsan,3,1
tovább,3,2
nunc,3,2
aeternam,3,0
Ignatius,3,0
Maresh,3,0
C'est,3,1
êtes,3,3
tout,3,2
früh,3,3
gefällt,3,2
Gottfried,3,0
Arnoshtek,3,0
Azok,3,3
Stihlau,3,0
dimittimus,3,1
debitoribus,3,1
nostris,3,1
Uzhitz,3,1
nostrum,3,1
Hehehe,3,0
Pfff,3,0
iuvat,3,0
Bergmänner,3,3
Pozzo,3,0
total,3,0
Kristamária,3,1
Giuseppe,3,0
Bocsánat,3,1
szar,3,3
Örülök,3,1
Klara,3,0
Jerome,3,0
Manya,3,0
Gyönyörű,3,1
Kurzhim,3,0
Andrew,3,0
Polner,3,0
Vorsucher,3,0
Kuba,3,1
tudod,3,3
Groschen,3,0
Salve,3,0
Schluss,3,3
morgen,3,1
mamzer,3,0
Rosenberg,3,1
lány,3,3
enyém,3,3
hagyom,3,3
Aztán,3,3
amit,3,1
Hmmmm,3,0
Good,3,1
work,3,0
věděl,3,3
sitinel,3,0
móka,3,1
really,3,1
supposed,3,0
eyes,3,1
I've,3,1
seen,3,0
Hohó,3,2
fejem,3,1
Áááá,3,2
shit,3,0
Möge,3,3
vash,3,0
soske,3,0
Kvyetoslava,3,0
akarok,3,3
Bach,3,0
Mikesh,3,0
Kozliek,3,0
Ehre,3,1
Torwart,3,1
Metzger,3,1
Mamma,3,0
worse,3,0
started,3,0
looked,3,0
they're,3,1
hell,3,0
mind,3,1
Fucking,3,0
back,3,0
down,3,0
fucking,3,0
only,3,0
death,3,0
before,3,1
you've,3,0
musst,3,0
Johann,3,0
krank,3,2
inkább,3,2
különben,3,3
kicsit,3,3
hozzá,3,3
énekelnek,3,3
fura,3,2
szarházi,3,1
erre,3,3
olyan,3,3
döglött,3,3
hallom,3,2
minden,3,2
hangokat,3,3
lent,3,3
állok,3,3
alatt,3,3
vízben,3,3
hallottam,3,3
egyszer,3,3
Biztos,3,3
valamit,3,3
wanted,3,1
want,3,0
rosszul,3,2
miért,3,3
nice,3,1
always,3,0
hozzám,3,3
That's,3,0
next,3,0
food,3,0
ránk,3,3
Womit,3,2
Willkommen,3,0
Bachtáli,3,0
detehárin,3,0
Yawn,3,0
nacktem,3,3
Herzlich,3,1
Lášo,3,1
dějs,3,1
Dejl,3,1
bari,3,0
Sinnen,3,0
gegen,3,2
Gruße,3,3
wait,3,0
until,3,0
terrible,3,1
Well,3,0
drunk,3,0
nackten,3,0
Greetings,3,0
covered,3,0
erstes,3,0
menj,3,1
Sinn,3,2
bámulj,3,2
Podiebrad,3,1
Manka,3,0
mondtál,3,2
mész,3,3
Straße,3,1
Freie,3,2
Gasthaus,3,0
sieht,3,1
Moment,3,0
Mädchen,3,3
schmecken,3,1
Schmeckt,3,3
paar,3,2
khamer,3,0
shul,3,0
Kibaszott,3,0
szaros,3,2
prdele,3,0
Ludmila,3,0
Neuhaus,3,0
arsehole,3,0
meat,3,0
Venda,3,1
something,3,1
Posy,3,0
ment,3,2
Miféle,3,1
ötlet,3,3
megyek,3,3
Arthur,3,0
Kunesh,3,1
Uhhh,3,0
Précisément,3,0
Mannlicher,3,2
abaghlia,3,3
Wein,3,1
Hildegard,3,2
Bingen,3,2
Parler,3,0
kada,3,0
sakoneste,3,1
chave,3,2
Scheißteil,3,1
Krondel,3,0
Golem,3,0
guba,3,0
dela,3,0
brishind,3,0
dieses,3,1
Scheisse,3,2
Vörös,3,3
Mindenki,3,1
velem,3,2
Jobb,3,3
semmit,3,3
free,3,0
varekas,3,0
Carrouges,3,2
Gris,3,2
dran,3,0
Slava,3,0
Nuremberg,3,0
Henslin,3,1
koda,3,0
Turnau,3,0
Abraham,3,0
Shalom,3,0
Isten,3,2
Pepik,3,0
Franta,3,0
Charta,3,1
ganze,3,0
sage,3,0
Stadtrat,3,1
sonst,3,2
hören,3,3
Nikolaus,3,1
heheh,3,2
Fall,3,1
grosse,3,0
Jeder,3,2
hagyjátok,3,2
möchte,3,3
Erazim,3,0
sanctificetur,3,2
Bohuta,3,0
Csaba,3,2
Achtung,3,3
véged,3,1
Schade,3,2
Händler,3,0
azzal,3,3
gratia,3,0
plena,3,0
faszszopó,3,2
Hová,3,0
ehrm,3,0
semmi,3,2
hiányzik,3,3
pale,3,0
ettem,3,3
tsikno,3,1
később,3,3
Urso,3,1
Kopf,3,1
Schaumberg,3,0
Eisernen,3,2
Adler,3,2
Herrn,3,1
Blatna,3,1
akár,3,3
sotn,3,0
Hersh,3,0
della,3,2
l'ignano,3,0
adonoy,3,1
amen,3,1
t-he,3,0
kurwa,3,1
Jaromir,3,0
be-eynekha,3,1
Bring,3,0
Üdvözlet,3,0
sanki,3,0
Fordítsd,3,3
froh,3,0
nagy,3,2
cælis,3,3
Minden,3,3
Bernard,3,0
wins,3,0
Sheynen,3,0
Sheinen,3,0
Gloria,3,0
Panem,3,0
Mnischek,3,1
nisht,3,0
keyn,3,0
Pranger,3,3
Galgen,3,3
Schurken,3,3
Blaha,3,2
Zzzz,3,0
közepibe,3,1
Vlach,3,0
Béke,3,1
Pénzt,3,3
Kabat,3,0
něco,3,2
shield,3,0
soldier,3,0
previous,3,0
friendly,3,0
gained,3,0
speaker,3,0
start,3,1
follows,3,0
participated,3,0
unarmed,3,0
missile,3,0
lockpick,3,0
torch,3,0
trespass,3,0
refuse,3,0
frisk,3,0
property,3,0
violent,3,0
without,3,0
violence,3,0
Gute,3,0
Kiskunfélegyháza,3,0
histoire,2,1
großes,2,2
zuerst,2,0
Harnisch,2,0
teuer,2,2
Fick,2,0
Fechtens,2,0
Böhmen,2,2
kaufen,2,0
Hört,2,1
Menschen,2,1
Sprache,2,0
Picsába,2,0
Verrückter,2,0
Ufff,2,0
benneteket,2,2
Erlik's,2,0
kutyát,2,1
Támadás,2,0
dögölj,2,1
disznóbaszó,2,1
Túró,2,1
seggem,2,2
pokol,2,2
Menjünk,2,0
Soha,2,2
többé,2,2
fognak,2,2
engem,2,2
Vagy,2,2
scheiße,2,0
everyone,2,0
fallen,2,0
tree,2,0
ahhh,2,0
désolé,2,2
c'est,2,1
Lucifer,2,1
Brno,2,0
Jihlava,2,1
Sokol,2,0
Lamberg,2,0
brav,2,2
rukono,2,0
Hélas,2,0
avec,2,1
Ohoho,2,1
France,2,2
bâtards,2,0
grande,2,0
Fortune,2,1
Tu’mnii,2,0
gyorsan,2,2
Legyen,2,1
gyors,2,2
képzelsz,2,0
Tengri,2,2
Baromság,2,1
überhaupt,2,2
bastard,2,1
omnis,2,0
caro,2,0
veniet,2,0
venit,2,0
tibi,2,0
reddetur,2,0
votum,2,0
Exaudi,2,1
orationem,2,1
æternam,2,2
decet,2,1
hymnus,2,1
Sion,2,1
vobis,2,0
soit,2,2
Merde,2,0
Christ,2,0
Arrêtez,2,1
nous,2,1
part,2,1
même,2,2
dieu,2,1
voilà,2,1
fils,2,1
pute,2,1
fais,2,0
chier,2,1
Qu'est,2,0
avez,2,2
perdu,2,2
tête,2,2
Bohémiens,2,0
Regensburg,2,0
genug,2,1
lernen,2,1
Magister,2,1
Würste,2,2
eben,2,1
unsere,2,2
Heidenreich,2,0
Miroslav,2,0
Granada,2,1
fogsz,2,2
t-hulo,2,0
chororo,2,0
dilina,2,0
Eminenza,2,1
Oooh,2,0
semper,2,1
quem,2,1
Zadar,2,0
rohadékot,2,1
erledigt,2,1
zwar,2,0
Gesicht,2,0
Hauptmann,2,0
verstehen,2,1
Weißt,2,2
Wenn,2,0
Interesse,2,1
dazu,2,1
Willst,2,1
rechts,2,1
Schlag,2,1
vielleicht,2,1
Mais,2,0
Gianni,2,0
Malien,2,0
Pnewitz,2,0
Anthony,2,0
Mika,2,0
Theresa,2,0
Micsoda,2,0
mondani,2,1
nikdo,2,1
tady,2,1
Krumphanzl,2,1
salve,2,0
Sigis,2,0
Fogd,2,1
Berg,2,0
Magdalenka,2,0
garde,2,1
frau,2,1
Liebe,2,1
Kumel,2,1
liebe,2,1
Chernik,2,0
Rosenthal,2,0
Vincenz,2,0
Beata,2,0
gleichen,2,1
Runde,2,1
Lhota,2,0
lányt,2,2
Szerelmes,2,1
Érted,2,2
faszt,2,1
Rendben,2,2
Nekem,2,1
Minek,2,1
ember,2,2
girl,2,1
akarja,2,2
mutasd,2,2
valahogy,2,1
Ugye,2,1
Stibor,2,0
Damn,2,0
pénzem,2,2
boring,2,0
Szép,2,1
knew,2,0
won't,2,0
proč,2,2
viděl,2,1
Takhle,2,1
droma,2,0
tényleg,2,2
Skvěle,2,2
kalyi,2,0
kahnyi,2,0
anel,2,0
parno,2,0
yandro,2,0
vicc,2,1
Ilyen,2,2
sose,2,2
láttam,2,2
thought,2,1
ještě,2,2
ever,2,0
k-handuno,2,0
hova,2,1
gyerünk,2,1
után,2,2
Talált,2,0
Kutna,2,0
Danemark,2,1
Frantishek,2,1
Szűzanyám,2,1
Nesze,2,0
bring,2,0
verdammter,2,0
mondja,2,2
hilft,2,0
langsam,2,1
Wort,2,0
meinem,2,1
Geselle,2,0
Džan,2,2
drukos,2,0
odtrade,2,0
avel,2,0
Lachi,2,0
bachtalo,2,1
Végre,2,1
Nyírd,2,0
legjobb,2,2
Heheh,2,0
Kerchak,2,1
Stimmt,2,1
mire,2,0
letzten,2,1
letzte,2,0
mercy,2,2
Someone,2,0
anyone,2,0
else,2,1
Christ's,2,0
notice,2,0
sick,2,0
They've,2,0
again,2,0
knows,2,0
much,2,0
chink,2,0
still,2,1
arse,2,0
three,2,0
between,2,0
legs,2,0
that's,2,1
road,2,0
bacon,2,0
works,2,0
nowt,2,0
fire,2,0
risk,2,0
Mind,2,0
having,2,0
haul,2,0
dirt,2,0
instead,2,1
Yachym,2,0
come,2,1
these,2,0
days,2,0
glad,2,0
wouldn't,2,0
Fenster,2,0
eigentlich,2,1
Sechsstädtebund,2,2
Dirk,2,1
Schnösel,2,0
ben-yayen,2,0
Wunderschön,2,1
Daran,2,0
Geschäftsmann,2,2
Nachbar,2,1
történt,2,1
Persze,2,1
szépen,2,1
azon,2,2
fátylat,2,2
békáknak,2,2
lúdvércek,2,2
vannak,2,2
bírták,2,2
húst,2,1
faszért,2,0
faszom,2,1
azért,2,2
dolgokat,2,2
Ahogy,2,2
állandóan,2,2
Tudom,2,2
tehetek,2,2
lovag,2,2
potyogott,2,2
Nagyon,2,2
voltak,2,2
kicsi,2,2
Tényleg,2,1
Mióta,2,1
rendesen,2,2
Bakkecskéket,2,2
ördögbe,2,1
átkozott,2,2
várakozás,2,2
látom,2,1
Mert,2,2
jobb,2,1
gyönyörű,2,1
arra,2,2
számítottál,2,2
húztad,2,2
kinyúvadt,2,1
utána,2,2
disznót,2,2
nekünk,2,2
dolog,2,1
Eridj,2,2
Nagy,2,1
bazmeg,2,1
állsz,2,2
fejed,2,1
legalább,2,2
nekik,2,2
sincs,2,2
Azokat,2,2
mondtam,2,2
fogd,2,2
kolostorban,2,2
Lehet,2,1
belőled,2,2
állítólag,2,2
úgyis,2,2
fejére,2,1
what's,2,0
Gysel,2,1
gondolsz,2,2
szarok,2,1
remek,2,2
steal,2,0
every,2,0
coin,2,0
bloody,2,0
szarban,2,2
nagyon,2,1
each,2,0
Szarok,2,2
themselves,2,0
Alright,2,0
magunkat,2,2
pénzt,2,2
Come,2,0
Make,2,0
nehéz,2,2
doesn't,2,0
anything,2,0
hónap,2,2
darf's,2,0
darf,2,0
Wasser,2,0
verkaufen,2,1
Badehaus,2,0
Dikhen,2,0
šero,2,2
bango,2,0
Pfui,2,0
Grüße,2,2
getrunken,2,2
willkommen,2,0
khandineya,2,0
jives,2,0
stimmt’s,2,2
ulahas,2,0
medzvedjis,2,0
darf’s,2,2
yourself,2,0
Nüchternheit,2,2
gewonnen,2,2
Kannst,2,0
waschen,2,0
beneide,2,0
belästigst,2,2
Can't,2,0
Bettler,2,1
bath,2,0
naked,2,0
young,2,0
kleine,2,0
Flasche,2,0
soused,2,0
allen,2,0
mitten,2,0
can't,2,0
gadžo,2,1
Thovel,2,0
brauchen,2,2
quite,2,0
Wait,2,1
húzz,2,2
szád,2,2
Zlatushka,2,0
Trencsén,2,0
Keselőkő,2,0
Piča,2,0
cruel,2,0
interessant,2,0
mondd,2,1
tetszik,2,2
Majd,2,2
történik,2,1
bámulsz,2,0
Schwertes,2,1
Vagyunk,2,1
you'll,2,0
doing,2,0
marra,2,0
water,2,1
Austrinken,2,2
Einen,2,0
dicht,2,0
Trinkt,2,0
Goliath,2,0
brennt,2,0
dunkel,2,2
Gold,2,1
Preng,2,0
regnet,2,2
Hunger,2,0
ruhig,2,2
groß,2,2
fehlt,2,0
Salz,2,0
Brav,2,1
ist’s,2,1
Mehr,2,1
euch,2,1
Könnte,2,2
Gewürze,2,2
vertragen,2,2
Rücken,2,1
schmeckt,2,0
Bestie,2,1
Bartholomew,2,1
Finger,2,0
Bene,2,1
ambula,2,1
Ding,2,0
kutyák,2,2
soon,2,0
fucker,2,0
sírodra,2,2
esélyed,2,2
seggfej,2,2
orrodat,2,1
pöcs,2,1
Imádkozz,2,0
faszfej,2,2
kész,2,2
shithead,2,0
Gyáva,2,0
lábad,2,0
schießen,2,2
kleiner,2,1
life,2,0
segít,2,2
újra,2,2
Jasaknak,2,2
Kona,2,0
hangzik,2,1
voll,2,0
Valentine,2,0
Feces,2,0
ondatri,2,0
regule,2,0
clove,2,0
ferero,2,0
Fucit,2,0
radiator,2,0
rigol,2,0
pepe,2,0
vulva,2,0
feferone,2,0
Güte,2,1
einer,2,2
Hugo,2,0
Bourgogne,2,1
Prag,2,1
manush,2,1
terno,2,0
Adleta,2,1
sicherlich,2,0
freuen,2,2
luck,2,0
Schlecht,2,2
k-ham,2,1
glots,2,0
Spiel,2,0
Diese,2,1
Tris-meg,2,1
Heiligen,2,0
Hohoho,2,0
Bertha,2,0
Báró,2,2
mehetünk,2,2
barátom,2,1
Mondtam,2,2
honnan,2,2
Csodálkozol,2,0
rajtuk,2,0
bírom,2,2
néznek,2,2
nála,2,0
móresre,2,2
tanítalak,2,2
fekete,2,2
egyedül,2,2
Gyere,2,2
Kapjátok,2,0
Kövessetek,2,0
bassza,2,0
Olyan,2,2
szádba,2,2
fattyú,2,1
békiben,2,2
senki,2,2
mindenki,2,2
Vergnügen,2,1
chceš,2,0
Fertig,2,1
after,2,0
Eeeeh,2,0
Christophe,2,0
Opatowitz,2,0
perzo,2,0
vudar,2,0
Takoy,2,0
Novit,2,0
Borur,2,0
arde,2,0
Breslau,2,0
Silesia,2,1
Hirschberg,2,2
Schmidt,2,0
rerum,2,0
omnium,2,0
usus,2,0
Frankreich,2,1
Tuchhändler,2,2
Verstehst,2,1
Zoll,2,1
Karol,2,0
Yitskhak,2,0
Kaschau,2,0
Reise,2,0
David,2,0
Kuldaun,2,0
p-hrala,2,1
phrala,2,0
klar,2,1
liegt,2,0
Genau,2,1
under,2,0
Arme,2,1
Idee,2,0
Gildenschwert,2,0
Linhart,2,0
Strafe,2,0
tschechischen,2,1
Milan,2,0
Reichsstadt,2,1
Armee,2,2
Ordnung,2,2
Gewiss,2,0
Beruhige,2,0
Kunst,2,1
leicht,2,0
finden,2,0
Besten,2,1
Warte,2,1
Turnier,2,0
Recht,2,1
Hradek,2,0
drei,2,0
Auge,2,1
Hand,2,1
danke,2,0
Üssétek,2,1
Lőjetek,2,1
petali,2,0
manushale,2,0
Schwer,2,2
Enneleyn,2,0
Petromil,2,1
Adveniat,2,1
hold,2,0
Aaahhh,2,0
anständiges,2,0
Kneipe,2,0
dergleichen,2,0
Niemals,2,0
Dankeschön,2,2
könnten,2,2
sagte,2,2
Azonnal,2,2
segged,2,1
radši,2,2
hrmmm,2,0
Hrmmph,2,0
cinava,2,0
palikerav,2,0
tsinava,2,0
Hrmmmph,2,0
schlafen,2,0
smirom,2,0
Uhmh,2,0
Ursula,2,0
Scheißkerle,2,2
Taube,2,2
Schatz,2,0
Gemütlichkeit,2,0
Holz,2,0
Hexe,2,1
Hergot,2,1
Hause,2,2
szétverem,2,2
Scheißer,2,1
fast,2,1
Benedicta,2,0
mortis,2,1
Regina,2,0
Mater,2,0
Sancta,2,1
ugatsz,2,1
azonnal,2,2
megdöglesz,2,1
velünk,2,2
Elkapom,2,0
csata,2,1
éjja,2,0
Schmerz,2,0
peyresh,2,0
shum,2,1
dovr,2,1
Tudni,2,2
Hagyd,2,2
gond,2,1
Shay,2,0
chivav,2,0
keres,2,0
Stein,2,1
romlott,2,2
rohadt,2,2
borból,2,2
egyetlen,2,1
ittam,2,1
rosszat,2,2
Megyek,2,1
fájdalom,2,2
Ahhhh,2,0
danderla,2,0
chavo,2,1
gyomrom,2,1
Blutung,2,2
scheiß,2,2
mulo,2,1
shlegrey,2,0
daroyf,2,1
Wichser,2,0
Kann,2,0
Mansa,2,2
Maghan,2,2
Zbyshek,2,1
andro,2,1
Hagen,2,1
Lösegeld,2,2
dreckigen,2,2
tumaro,2,0
balo,2,0
p-huv,2,0
Sache,2,2
Turnov,2,0
deiner,2,2
Seele,2,2
wunderschönes,2,0
Gotteshaus,2,0
Dummkopf,2,0
Leider,2,1
Doch,2,1
Muzio,2,0
Soldaten,2,1
Jungs,2,2
über,2,2
dein,2,2
anusem,2,0
Königshan,2,0
bangho,2,0
bekhor,2,0
Cedo,2,0
nulli,2,0
vincere,2,0
iuste,2,0
puniris,2,0
nunquam,2,0
nocetis,2,0
Suum,2,0
cuique,2,0
tribue,2,0
segítség,2,0
étel,2,1
beszélj,2,2
iszunk,2,2
jött,2,2
igyál,2,2
Baszki,2,1
lélegzik,2,0
akar,2,2
akarod,2,2
aludni,2,2
letzter,2,0
Shhh,2,0
Bona,2,0
serra,2,0
sinori,2,0
Molto,2,2
Scuse,2,0
parso,2,0
mangio,2,1
ministra,2,1
salto,2,1
finistra,2,1
Fatte,2,0
legga,2,0
travoto,2,0
Hetman,2,0
Taugenichts,2,2
találat,2,0
freut,2,1
Napoli,2,1
amaro,2,0
opripen,2,0
bini,2,1
t-hagaripen,2,0
Sono,2,1
diavolo,2,0
Ježišmarja,2,2
Pferdchen,2,0
vorwärts,2,0
arena,2,0
Karno,2,0
Mamzer,2,0
Erzähl,2,2
woanders,2,2
Merci,2,1
jeune,2,0
seist,2,1
dyives,2,0
Besuche,2,2
später,2,2
cold,2,0
napot,2,0
Romeya,2,0
Csináld,2,0
tűnés,2,2
spät,2,2
faszba,2,1
meglátod,2,2
Leverjük,2,0
akarlak,2,2
ended,2,0
lovat,2,2
passieren,2,1
Megint,2,2
erste,2,0
wollte,2,2
gerade,2,2
schließen,2,2
Nervensäge,2,0
gegrüßt,2,2
Such,2,0
Excalibur,2,0
Roland,2,0
Erre,2,2
Háhá,2,0
Véged,2,0
Tankard,2,1
Louny,2,1
Touché,2,1
Goldstück,2,2
Geschichte,2,0
kleines,2,1
Dobrosh,2,1
Wettstreit,2,1
Zdimir,2,0
ahnungslos,2,2
warte,2,1
wenig,2,1
braucht,2,1
Schdiar,2,0
irgalmas,2,2
köszönöm,2,2
someone,2,0
blute,2,2
Messer,2,1
igaz,2,1
Adonoy,2,0
nakhaloso,2,0
ve-yonuakh,2,0
mishkovo,2,0
be-sholem,2,0
ve-nomar,2,0
omen,2,0
talent,2,0
diesem,2,0
Margaret,2,0
memento,2,0
Martha,2,0
Poke,2,1
poque,2,1
Fehler,2,1
Clesgine,2,0
dlouho,2,1
Kinder,2,0
gelt,2,0
sheyne,2,0
velt,2,0
Galehaut,2,0
chaye,2,0
találkozunk,2,2
Viszlát,2,0
Once,2,0
head,2,0
happens,2,0
sancto,2,0
Vechta,2,0
voluntas,2,2
cælo,2,2
terra,2,2
inducas,2,0
tentationem,2,0
quotidianum,2,0
hodie,2,0
Johnny,2,0
Rabatt,2,0
zurück,2,2
Grundstück,2,0
Tuma,2,0
Bologna,2,0
Zlata,2,0
Raphael,2,1
Richard,2,1
Gotzlin,2,0
schwach,2,2
Vinzenz,2,0
vert,2,0
tsibele,2,0
Ober,2,0
koydem,2,0
nokh,2,1
Vojta,2,0
tiéd,2,2
hängen,2,2
Schultern,2,0
Hurensohn,2,2
Teufelstier,2,2
verdanken,2,0
Deggenau,2,0
Djindyardyi,2,0
chib,2,0
charnyi,2,0
godyi,2,0
versuchen,2,2
wir’s,2,2
verkaufst,2,2
zwielichtiges,2,2
Ketsi,2,0
bringt,2,0
Wofür,2,2
kämpft,2,2
vigyázz,2,0
Baszd,2,2
crazy,2,1
Hagyjál,2,0
Janek,2,1
další,2,2
úplně,2,1
práce,2,0
špatný,2,0
széle,2,2
találom,2,2
közepébe,2,2
kdyby,2,1
Ezek,2,2
nebo,2,1
Sajnálom,2,1
Fizess,2,2
Megöllek,2,1
Humiliare,2,0
potenti,2,0
manu,2,0
insidiis,2,0
diaboli,2,0
patri,2,0
Vade,2,0
Satana,2,0
inventor,2,0
fallaciae,2,0
hostis,2,0
humanae,2,0
salutis,2,0
phral,2,1
Anezhka,2,0
eloheynu,2,1
Markold,2,1
event,2,0
loses,2,0
considered,2,0
valid,2,0
determining,2,0
arduous,2,0
against,2,0
quarter,2,0
discovered,2,0
items,2,0
seeking,2,0
captain,2,0
target,2,0
combat,2,0
announcement,2,0
non-final,2,0
necessary,2,0
continue,2,0
henry,2,0
sword,2,0
being,2,0
introduced,2,0
arms,2,0
guard,2,0
theft,2,0
thefts,2,0
Deutsch,2,0
Rikonarish,2,0
Aaarrghh,2,0
Doubravka,2,0
Megadom,2,0
Nyertél,2,1
Myshek,2,0
Lomir,2,0
Wählen,2,0
Können,2,1
Tschechen,2,2
können,2,2
Vojtiech,2,0
Ehrliche,2,0
Ware,2,0
Markt,2,0
Preise,2,0
Kauft,2,2
öffnen,2,2
Pierogi,2,0
Alshik,2,0
bezoar,2,0
Ebner,2,0
bestellen,2,1
Hermann,2,1
Kiskunfélegyházban,2,1
Szeged,2,0
burgrave,2,0
hingetan,2,0
Schindel,1,0
Rudolf,1,1
Pürglitz,1,0
Psssst,1,0
kasht,1,0
Spass,1,1
vorher,1,0
Hafen,1,0
Schiffen,1,0
Lehrmeister,1,0
vertrau,1,0
Vieles,1,0
Sicher,1,0
Langschwertmeister,1,0
beigebracht,1,1
studiere,1,0
Unterricht,1,1
daraus,1,0
Stoffen,1,0
tollwütiger,1,1
Pomojinen,1,0
chingerel,1,0
kotora,1,0
Trade,1,0
dandvalo,1,0
tifusis,1,0
mariben,1,0
bántani,1,0
bringst,1,0
jemanden,1,0
savo,1,0
beng,1,0
maker,1,0
Dieser,1,0
Murdaroshis,1,1
Dilinardžal,1,0
tumen,1,0
maren,1,0
Pisser,1,0
Alarm,1,1
Cardinal,1,0
Pssst,1,0
T-he,1,0
tumenge,1,0
Memento,1,0
seggbe,1,1
Crush,1,0
balls,1,0
crush,1,0
Szopjál,1,0
Hurrá,1,1
rohaaam,1,1
thrashing,1,0
szart,1,1
kutyazabálók,1,1
démonokra,1,1
kutyazabáló,1,0
kurvafattya,1,0
Kitörlöm,1,1
Nyírjátok,1,0
rohadékokat,1,0
Ezer,1,1
fogom,1,1
Peltzel,1,0
versohlt,1,0
echt,1,0
einmal,1,0
Right,1,0
Split,1,0
search,1,0
place,1,0
thoroughly,1,0
peasant,1,0
mentioned,1,0
aaaaah,1,0
moi-même,1,0
manière,1,0
misère,1,0
compliquée,1,1
Sainte,1,1
mère,1,1
Beelzebub,1,1
Meißen,1,0
Seeberg,1,0
Herrgotts,1,0
Netter,1,0
Wauwau,1,0
Lieber,1,0
hungriges,1,1
rend,1,0
formidable,1,0
d'un,1,0
faucon,1,0
lynx,1,0
jolies,1,0
demoiselles,1,0
bains,1,0
Quel,1,1
putain,1,1
trou,1,1
Comment,1,1
sommes-nous,1,1
arrivés,1,1
telle,1,1
bande,1,1
crétins,1,1
protège,1,1
avis,1,0
Tchèques,1,1
douce,1,1
temps,1,1
seul,1,1
dira,1,1
comme,1,1
l'ai,1,1
élégant,1,1
suppôts,1,1
diable,1,1
malheureusement,1,0
kokot,1,0
Piče,1,0
Ujaravas,1,0
skushineha,1,0
grumble,1,0
Lovari,1,1
Pash,1,0
bandjola,1,0
leha,1,0
kerava,1,0
Dicsérjük,1,1
csodás,1,1
paripákat,1,1
Vágjon,1,1
esze,1,1
csikója,1,1
páratlan,1,0
lövészet,1,1
igazi,1,1
művészet,1,1
szóért,1,1
Ámuljon,1,1
tömeg,1,1
bökjön,1,1
felfelé,1,1
hüvelykujjával,1,1
Áldozzunk,1,1
legkiválóbb,1,1
tejjel,1,1
Fáradhatatlanul,1,1
árja,1,1
útvonalon,1,1
Méghogy,1,0
lóverseny,1,0
Áttör,1,0
emelkedőn,1,0
kilőtt,1,1
oltár,1,1
Krachiné,1,1
pofa,1,1
Előrezúdul,1,1
folyó,1,1
előretör,1,0
ősök,1,1
gyökeréből,1,1
ered,1,1
war's,1,0
geklappt,1,1
mortuis,1,0
nisi,1,0
bene,1,0
mediās,1,0
Jerusalem,1,0
meam,1,1
Bibi,1,0
Igitur,1,0
desiderat,1,0
pacem,1,0
praeparet,1,0
bellum,1,0
Meum,1,0
propositum,1,0
taberna,1,0
Stultorum,1,0
mater,1,0
sempiter,1,0
gravida,1,0
Tempora,1,0
mutantur,1,0
mutamur,1,0
illis,1,0
Pulsate,1,0
aperietur,1,0
Mini,1,1
Mino,1,1
Vergow,1,1
Veisarek,1,0
Jakub,1,0
fosse,1,0
lions,1,0
astucieux,1,0
loué,1,1
espèce,1,1
merde,1,1
Bâtard,1,0
parbleu,1,0
protectrice,1,1
tous,1,1
deux,1,1
pathétiques,1,1
Pour,1,0
l'amour,1,0
Personne,1,1
connaît,1,1
jour,1,1
l'heure,1,1
faites,1,1
honte,1,1
Rien,1,1
cela,1,1
serait,1,1
arrivé,1,1
n'ira,1,0
plus,1,0
nulle,1,0
Vieux,1,1
prêtre,1,1
imbécile,1,1
Pitié,1,0
Reste,1,1
près,1,1
cette,1,1
heure,1,1
quelles,1,1
mauvaises,1,1
manières,1,1
toujours,1,1
restée,1,1
côtés,1,1
T'es,1,0
bâtard,1,1
bellezza,1,0
abbaglia,1,0
prend,1,0
Espèce,1,1
d'abruti,1,1
chien,1,1
anglais,1,1
Fichtre,1,0
Imbécile,1,0
Hofmann,1,0
Aachen,1,0
Eberling,1,0
großartige,1,1
Gelegenheit,1,1
Lasnius,1,1
Gleiche,1,1
steirische,1,1
Gilde,1,1
Vendelin,1,0
mmmm,1,0
Mmmmm,1,0
peux,1,1
compter,1,1
Hohenstein,1,1
Riesenberg,1,1
Geht,1,1
Straßen,1,1
gefährlich,1,1
Wozu,1,0
Eile,1,0
Allah,1,0
Subhanahu,1,0
ta'ala,1,0
Martín,1,1
Yáñez,1,1
Barbuda,1,1
mély,1,1
erdők,1,1
félelmetesek,1,1
keresni,1,1
nálunk,1,1
segítek,1,1
miatt,1,1
tudnám,1,1
képzelni,1,1
maradjak,1,1
nálatok,1,1
beszédes,1,1
típus,1,1
sieh,1,0
Albert,1,0
fájdalmas,1,1
szépség,1,1
Lačhes,1,0
lačhes,1,0
Ehem,1,0
Tuam,1,1
ergo,1,1
cleméntiam,1,1
deprecámur,1,1
Tibi,1,1
Dómine,1,1
fratrem,1,1
Aargh,1,0
Arghhhhh,1,0
Shhhh,1,0
aaaaaah,1,0
Hundspfot,1,0
Così,1,0
così,1,0
buono,1,1
pollo,1,1
cibo,1,1
queste,1,1
parti,1,1
cagare,1,1
Krawarn,1,0
Fílio,1,1
Spíritu,1,1
Sancto,1,1
sæculórum,1,1
humíliter,1,0
commendámus,1,0
illum,1,1
paradísum,1,1
benígne,1,1
perdúcas,1,1
imménso,1,1
prosecútus,1,1
amóre,1,1
réquiem,1,1
íngredi,1,1
iúbeas,1,1
sempitérnam,1,1
neque,1,0
dolor,1,0
erit,1,0
ultra,1,0
malis,1,1
ómnibus,1,1
liberátum,1,1
gáudium,1,0
vita,1,1
mortáli,1,1
quia,1,1
prima,1,1
transiérunt,1,1
Ladislaus,1,0
tűröm,1,1
birtokomon,1,1
zunächst,1,1
stark,1,1
zugleich,1,1
besondere,1,0
Schwerttechnik,1,0
rohe,1,0
Gewalt,1,0
Damit,1,0
stadt,1,1
sagst,1,0
du’s,1,1
zeigen,1,1
allem,1,1
Gegner,1,1
dummer,1,1
Bauerntölpel,1,1
ehrliche,1,0
schneller,1,0
Hieb,1,0
Erstens,1,0
linke,1,1
Rückhand,1,1
geradeaus,1,1
ringen,1,0
kurzum,1,0
lehren,1,0
Praktisch,1,0
Ringkampfgriff,1,1
wär’s,1,1
klingt,1,0
kompliziert,1,0
Nenechte,1,0
nikoho,1,0
naživu,1,0
Uříznu,1,1
zbytek,1,1
toho,1,1
tvýho,1,1
hnusnýho,1,1
ptáka,1,1
puis-je,1,0
dire,1,0
aide,1,0
Ungher,1,0
Lorenzo,1,0
Mhmmm,1,0
Pardon,1,0
Boniface,1,0
Unicz,1,0
baccalà,1,1
Poloko,1,0
domardja,1,0
Klappe,1,0
AAAAH,1,0
Ditrich,1,0
átvert,1,0
ország,1,1
bolondokkal,1,1
kilyukadni,1,0
kezdesz,1,0
felbosszantani,1,0
kancafingnyit,1,0
Sigmundnak,1,1
pénze,1,1
Darko,1,1
találkoztunk,1,1
Jarmilka,1,0
Měla,1,1
utéct,1,1
dokud,1,1
nemám,1,1
nevím,1,1
Jako,1,1
Urghhh,1,0
vobiscum,1,0
credas,1,0
aurum,1,0
quidquid,1,0
resplendet,1,0
Theo,1,1
grand,1,1
tournoi,1,1
Lorraine,1,1
d'argent,1,1
t'inquiète,1,0
Pendant,1,1
étiez,1,1
chez,1,1
Hongrois,1,1
szádra,1,1
Ondra,1,0
Cough,1,0
cough,1,0
Teplitz,1,0
Eulau,1,0
Silber,1,0
Grosch,1,0
amor,1,0
Sigism,1,0
Grosse,1,1
looken,1,0
Drat,1,0
Volkmar,1,1
Duma,1,1
hidd,1,1
fejemben,1,1
Ophelia,1,0
muahaha,1,0
Timbuktu,1,0
Cairo,1,0
Al-Andalus,1,0
Verabredung,1,1
müde,1,1
Wunder,1,0
brudr,1,0
Lichtenberg,1,1
Fight,1,1
harcolni,1,1
adom,1,1
szerelem,1,0
kevés,1,1
Rábasztál,1,1
magyarázol,1,1
értsek,1,1
szót,1,1
tőlem,1,1
akartam,1,1
boot,1,0
Souvenir,1,0
Szeretet,1,0
végre,1,1
mennyit,1,1
adsz,1,1
fürdős,1,1
ütöd,1,1
orrod,1,1
szeretem,1,1
szerelmes,1,1
hajadon,1,1
mann,1,1
erős,1,1
nyugodj,1,1
Bath,1,1
Értem,1,1
erről,1,1
beszélve,1,1
Békibe,1,1
nőszemélyt,1,1
tudtam,1,1
wissen,1,1
Békén,1,1
Fenékig,1,0
barátokra,1,0
Hallod,1,1
szerezni,1,1
Kötekedik,1,0
lettél,1,1
Megpróbál,1,1
kémkedni,1,1
utánunk,1,1
melyikük,1,1
Arra,1,1
nőre,1,1
fened,1,1
fogad,1,1
Tedd,1,0
tenned,1,0
Stiborzitz,1,0
Achhhrrrrglurg,1,0
Argghhblurb,1,0
Arggghh,1,0
Glurghh,1,0
Arghbrrrulll,1,0
Arghhhglurggg,1,0
Arghhhh,1,0
glurghh,1,0
Glggblurrrb,1,0
Hmmmpf,1,0
Hmppfff,1,0
Mhmh,1,0
Mmmmhhmpf,1,0
Mmmmpfff,1,0
Urghglurggggh,1,0
gádžo,1,0
s'oda,1,0
Avka,1,0
tumende,1,0
scum,1,0
gazember,1,1
Elvesztettem,1,1
miattad,1,1
hope,1,0
Tudtam,1,1
csalódást,1,1
okozni,1,1
munka,1,1
öregem,1,1
disappoint,1,0
chap,1,0
vsadit,1,1
nestydíš,1,0
nešiko,1,0
ashamed,1,0
klutz,1,0
zvorat,1,0
Excellent,1,0
show,1,0
skvěle,1,1
sázím,1,1
Věřil,1,1
Skvělá,1,1
jízda,1,1
menetet,1,1
joke,1,0
playing,1,0
games,1,0
neviděl,1,1
takový,1,1
nemehlo,1,1
person,1,0
clumsy,1,0
Výborně,1,1
Vsadil,1,1
chlape,1,1
fogadtam,1,1
művelsz,1,0
Čungarav,1,0
čungarav,1,0
lődözöl,1,0
három,1,1
egymás,1,1
TALÁLAT,1,0
ju-hu,1,0
Gildenbruder,1,1
Meisterschmied,1,1
heheheheheh,1,0
Rolf,1,0
Bolf,1,0
hörrr,1,1
pffff,1,1
féreg,1,0
Büdös,1,0
kezem,1,0
Kegyes,1,0
Szűzanya,1,0
próbáld,1,0
tökeire,1,0
Verflucht,1,1
Veisar,1,0
bunkó,1,0
baja,1,0
Átkozott,1,0
úszik,1,1
legjobban,1,1
Pisilni,1,1
szélben,1,1
állítja,1,1
puszta,1,1
kézzel,1,1
óriást,1,1
Szél,1,0
Romaan,1,0
erklären,1,1
spezieller,1,1
Wohltäter,1,1
solltest,1,0
Nichts,1,0
passiert,1,0
bitter,1,1
Leben,1,1
Stärker,1,0
gleichfalls,1,0
Darauf,1,0
gebe,1,0
neue,1,1
wertvoll,1,1
weil,1,1
geschickt,1,1
Sein,1,0
Name,1,0
Findest,1,0
Abmessung,1,0
Glocke,1,0
seit,1,1
Tagen,1,1
vertraue,1,0
Pfarrer,1,1
Bibiana,1,0
tito,1,0
Lačhi,1,1
Tschüs,1,1
Heyne,1,1
Benissimo,1,0
Mens,1,1
sana,1,1
corpore,1,1
sano,1,1
Kapd,1,1
büszkesége,1,1
unatkozunk,1,0
vért,1,1
Szúrd,1,0
Garbow-i,1,1
Záviš,1,1
Joanna,1,0
hihihi,1,0
grave,1,0
Brüder,1,1
yekvar,1,0
khudes,1,0
Voivode,1,0
Vichinava,1,0
romes,1,0
Chiv,1,0
tire,1,0
dumukha,1,0
tiri,1,0
godji,1,0
Besh,1,0
Amenge,1,0
kampel,1,0
buter,1,0
ayse,1,0
bitangona,1,0
Atemzug,1,1
perché,1,0
pffffft,1,0
Blessed,1,1
Virgin,1,1
Brother,1,0
found,1,0
dead,1,0
cell,1,0
Sinai,1,0
rest,1,0
soul,1,0
wounds,1,0
Didn't,1,0
black,1,0
plague,1,0
carrying,1,0
bodies,1,0
monastery,1,0
sickness,1,0
took,1,0
suppose,1,0
managed,1,0
talking,1,0
little,1,0
standing,1,0
block,1,1
path,1,1
tougher,1,0
cavil,1,0
hewing,1,0
drifts,1,0
brings,1,0
pitchers,1,0
broke,1,0
another,1,0
pick,1,0
fork,1,0
mine's,1,0
scratch,1,0
Anyways,1,0
paid,1,0
times,1,0
year,1,0
radge,1,0
hardly,1,0
hands,1,0
feet,1,0
blushed,1,0
cloot,1,0
heed,1,0
boggle's,1,0
farted,1,0
neck,1,0
while,1,0
swore,1,0
folk,1,0
wonder,1,0
world's,1,0
graft,1,0
supplies,1,0
stretched,1,0
told,1,0
Bloody,1,0
nopper,1,0
cost,1,0
pile,1,0
boggles,1,0
costs,1,0
iron's,1,0
femmer,1,0
shatters,1,0
back-cast,1,0
Smiths,1,0
twice,1,0
ripping,1,0
sign,1,0
Says,1,0
stood,1,0
glowering,1,0
nodded,1,0
vanished,1,0
begged,1,0
offered,1,0
kelter,1,0
budge,1,0
crawl,1,0
He's,1,1
Ever,1,1
since,1,1
reckons,1,1
nasty,1,1
disease,1,1
Tonda,1,0
inbye,1,0
dangerous,1,0
nobody,1,0
rock,1,0
fall,1,0
Seems,1,1
trying,1,1
spot,1,1
finished,1,1
suddenly,1,1
blinded,1,1
light,1,1
quare,1,0
aching,1,0
yacker,1,0
silver,1,0
chym,1,0
raise,1,1
wrist,1,1
chase,1,1
skirts,1,1
Reaper,1,1
grind,1,0
smelt,1,0
line,1,0
pockets,1,0
wish,1,0
hellhole,1,0
golden,1,0
goose,1,0
forge,1,0
miners,1,0
thick,1,1
long,1,1
hammer,1,1
tongs,1,1
tavern,1,1
myself,1,0
Stop,1,0
Kuklik,1,0
Liedchen,1,0
sitzend,1,0
Grase,1,0
Blick,1,0
Liebster,1,0
bleib,1,0
pflichtbewusst,1,0
gedulden,1,0
Gemahl,1,0
entschwindet,1,0
Könnt,1,1
Bette,1,1
freilich,1,1
schützen,1,1
Gespenstern,1,1
Insobald,1,1
besuchst,1,1
vergangen,1,1
seine,1,1
Wanderslust,1,1
Flecke,1,1
rühret,1,1
Tropfen,1,0
Milch,1,0
Zittau,1,1
Psst,1,1
Berka,1,0
Görlitz,1,1
Kamenz,1,1
Jüngste,1,0
Lecker,1,1
gesund,1,1
Hirse,1,1
Buchweizen,1,1
sheinem,1,1
neyn,1,1
bräuchten,1,0
Khashokh,1,1
sfoseykha,1,1
hochnäsig,1,1
Hochnäsig,1,0
Khometz,1,0
Welcher,1,1
Isaac,1,0
Verrückt,1,0
Horace,1,0
Groß,1,1
schlank,1,1
elegant,1,1
Rippen,1,0
Ekelhaft,1,0
ekelhaft,1,0
erinnern,1,0
Geschmackssinn,1,0
Mitzy,1,0
unreif,1,0
Geschäftsgeist,1,1
Plunder,1,1
felejtetted,1,0
Apám,1,1
kibírnak,1,1
kretén,1,1
megöleti,1,1
magát,1,1
garast,1,1
adna,1,1
kezéből,1,1
mióta,1,0
elkényeztetve,1,1
szólt,1,0
nyúltam,1,1
álltam,1,1
agyaltam,1,1
vajon,1,1
varr,1,1
miénknek,1,1
szavajárása,1,1
mértékkel,1,1
dalolnak,1,1
világítanak,1,1
szirének,1,1
tengerbe,1,1
Öregem,1,1
rohadtul,1,1
nyom,1,1
cipő,1,1
ennék,1,0
iszonyú,1,1
álmom,1,1
meló,1,1
Higgyél,1,1
ellenőrizd,1,1
papunk,1,1
mondogatta,1,1
gyerek,1,1
Dehát,1,1
trónolsz,1,1
bozótban,1,1
várod,1,1
balfasz,1,1
kolbászoljon,1,1
ebben,1,1
fárasztó,1,1
böjti,1,1
szalonna,1,1
meddig,1,1
rájuk,1,1
vall,1,1
bőrt,1,1
lenyúzzák,1,1
emberről,1,1
zabot,1,1
bármit,1,1
halat,1,1
zabálok,1,1
csináljak,1,1
heringkereskedőt,1,1
evett,1,1
hagyjuk,1,1
kárba,1,1
veszni,1,1
Mint,1,1
lecsaptunk,1,1
azokra,1,1
bányászokra,1,1
mielőtt,1,1
begyűjthettük,1,1
suskát,1,1
megjelent,1,1
remegett,1,1
keze,1,1
garas,1,1
szarába,1,1
szőkék,1,1
viseltek,1,1
annak,1,1
csuhásnak,1,1
lába,1,1
tiszta,1,1
sarkam,1,1
Mesélj,1,0
baszná,1,1
szóval,1,1
álmomban,1,1
letérek,1,1
útról,1,1
dalol,1,1
akarna,1,1
annyira,1,1
vágytam,1,1
böjtölésre,1,1
beállhattam,1,1
szerzetesnek,1,1
aludtál,1,1
tőlük,1,1
örökölted,1,1
Hangról,1,1
különbözteti,1,1
bakkecskét,1,1
gödölyétől,1,1
lánccsörgést,1,1
hallottál,1,1
szerencsétlen,1,1
elátkozott,1,1
csizmái,1,1
aludtam,1,1
Először,1,1
gatyájából,1,1
kincs,1,1
bukszájából,1,1
szórta,1,1
ezüstöket,1,1
esne,1,0
szundi,1,0
szablyád,1,1
hagytad,1,1
táborban,1,1
bámulok,1,1
idegen,1,1
nyelven,1,1
Simán,1,1
bírnék,1,1
marhára,1,1
kikészít,1,1
Odaérek,1,1
tavacskához,1,1
fatuskón,1,1
béka,1,1
föld,1,1
Egész,1,1
héten,1,1
heringet,1,1
zabálunk,1,1
csodálkozol,1,1
egyik,1,1
másik,1,1
elkezdtek,1,1
felfújódni,1,1
szétpukkantak,1,1
apám,1,1
csomó,1,1
arany,1,1
szóródott,1,1
belőlük,1,1
Nohát,1,1
böjt,1,1
olyat,1,1
ehetsz,1,1
dörgéseket,1,1
dörögne,1,1
valaki,1,1
röhögne,1,1
Valahol,1,1
Bámulsz,1,1
fejedből,1,1
görcsölsz,1,1
téved-e,1,1
csapat,1,1
zsandár,1,1
amióta,1,1
ezeket,1,1
furcsa,1,1
Apátok,1,1
lapát,1,1
böjtölésről,1,1
Emlékszel,1,1
beszarattuk,1,1
kalmárt,1,1
Haja,1,1
hallgattad,1,1
prédikátort,1,1
tüzéről,1,1
kénköves,1,1
bugyrokról,1,1
hadovált,1,1
zabálsz,1,1
Szerezz,1,1
kaját,1,1
fordult,1,1
orrom,1,1
dörgölnöd,1,1
erdőben,1,1
egyszerre,1,1
ének,1,1
fülemet,1,1
Tisztára,1,1
angyalok,1,1
kara,1,1
Hallottad,1,1
éjjel,1,1
azokat,1,1
magyarul,1,1
vartyogni,1,1
ideig,1,1
látjuk,1,1
kurafiakat,1,1
csizmát,1,1
miután,1,1
rávettük,1,1
szedje,1,1
mindet,1,1
törölgesse,1,1
Mondjuk,1,1
ragadós,1,1
Úgyhogy,1,1
feltöltette,1,1
kolostor,1,1
pincéjét,1,1
bokáig,1,1
vízzel,1,1
levitetett,1,1
disznók,1,1
élnek,1,1
nyilván,1,1
szagom,1,1
halnak,1,1
Bokáig,1,1
megfulladni,1,1
régen,1,1
otthon,1,1
disznónk,1,1
rühellem,1,1
elhúzódik,1,1
jelenti,1,1
szopás,1,1
Tegyél,1,1
szívességet,1,1
basszál,1,1
aludd,1,1
felejtsd,1,1
világvége,1,1
marhaságot,1,1
megkérdezed,1,1
feldugom,1,1
kardom,1,1
seggedbe,1,1
igazság,1,0
állat,1,1
tisztára,1,1
Ahelyett,1,1
begyűjtenéd,1,1
szajrét,1,1
faszságokon,1,1
töröd,1,1
papot,1,1
kicsináltuk,1,1
tettünk,1,1
mennének,1,1
Hacsak,1,1
madárijesztő,1,1
veteményesbe,1,1
Jaja,1,1
vinné,1,1
ilyeneket,1,1
Manapság,1,1
cseppnyi,1,1
tisztesség,1,1
emberekben,1,1
Hányszor,1,1
baszogass,1,1
szarságokkal,1,1
Chlumetz,1,0
Schönberg,1,0
felejtem,1,1
bazdmeg,1,1
Dejszen,1,1
mostanáig,1,1
lóbőrt,1,1
szász,1,1
szerzetes,1,1
szintén,1,1
zabás,1,1
megátkozta,1,1
Akkortól,1,1
benn,1,1
voltunk,1,1
városban,1,1
vásáron,1,1
problémám,1,1
biztos,1,1
apátot,1,1
csináltak,1,1
gyönyörűség,1,1
macht,1,0
wagen,1,1
heiraten,1,1
läufige,1,1
Wildsau,1,1
egyre,1,0
szarabb,1,0
Idesüss,1,1
megpróbálok,1,1
rich,1,1
diarrhoea,1,1
Emiatt,1,1
törölték,1,1
tornát,1,1
övékre,1,0
összeszólalkozott,1,1
kapitánnyal,1,1
petite,1,0
blue,1,0
Mindegy,1,1
szarnak,1,1
Attól,1,1
adósságod,1,1
megmarad,1,1
They'll,1,0
mark,1,0
words,1,0
lads,1,0
running,1,0
patience,1,0
Armin,1,0
Ármin,1,1
tanúsítanak,1,1
patrol,1,0
camp,1,0
evening,1,0
nowhere,1,0
Quit,1,0
minek,1,1
koslatok,1,1
utánad,1,1
adok,1,1
hónapot,1,1
kiadós,1,1
zsákmány,1,1
egészbe,1,1
Figyelj,1,1
ötletem,1,1
Szedj,1,1
néhány,1,1
cimborát,1,1
vívjunk,1,1
küzdelmet,1,1
Hékás,1,1
látlak,1,1
jutott,1,1
eszembe,1,1
saying,1,0
ordinary,1,0
clay,1,0
remind,1,0
commander,1,0
salaries,1,0
heard,1,0
wrong,1,0
banned,1,0
getting,1,0
tornára,1,1
hallottad,1,1
léptem,1,1
sokan,1,1
mások,1,1
igazad,1,1
nyakig,1,1
ülünk,1,1
Igaz,1,1
business,1,0
others,1,0
respect,1,0
Cuman's,1,0
Cuman,1,0
mercenary's,1,0
mercenary,1,0
Praguer's,1,0
Praguer,1,0
torna,1,1
elmaradt,1,1
fogadásunk,1,1
érvényes,1,1
petákom,1,1
adnám,1,1
daft,1,0
talk,1,0
amongst,1,0
it'll,1,0
everything,1,0
idiot,1,0
Fucking's,1,0
legyél,1,1
beszari,1,1
mondjuk,1,1
gyakorlunk,1,1
alrght,1,0
same,1,0
change,1,0
welcome,1,0
nyomatékosan,1,1
követelte,1,1
összeszarjuk,1,1
unalomtól,1,1
pénz,1,1
filthy,1,0
entire,1,0
point,1,0
confuse,1,0
turn,1,0
they'll,1,0
attack,1,0
durva,1,1
balhé,1,1
készül,1,1
saját,1,0
pénzemet,1,0
vitatkozott,1,1
elképzelni,1,1
vezér,1,1
megtiltotta,1,1
baths,1,0
hearing,1,0
usual,1,0
believe,1,1
count,1,1
kitchen,1,0
It'll,1,0
satisfy,1,0
hunger,1,0
taste,1,0
buds,1,0
végéig,1,1
annyi,1,1
cook,1,0
spends,1,0
shagging,1,0
bathhouse,1,0
meanwhile,1,0
gets,1,0
burnt,1,0
Grozavhoz,1,1
Chertanhoz,1,1
vedd,1,1
fizessék,1,1
zsoldunkat,1,1
apácákat,1,1
keféli,1,1
szopunk,1,1
régóta,1,1
szarik,1,1
watch,1,0
tired,1,0
hungry,1,0
bite,1,1
dienen,1,0
wünscht,1,0
Zieh,1,0
tolerieren,1,0
Betrunken,1,0
verkatert,1,0
shein,1,0
Nackepo,1,0
warmes,1,0
Stinktier,1,0
dikhen,1,0
kommst,1,0
diesmal,1,0
anbieten,1,0
suchst,1,0
Dreckskerl,1,0
Něco,1,0
potřebuješ,1,0
lacho,1,1
Beinen,1,0
Thov,1,0
Dikhes,1,0
läufst,1,1
herum,1,1
minch,1,0
gevalt,1,0
degeshis,1,0
Šalom,1,0
Lači,1,0
tutar,1,0
T-hovel,1,0
menh,1,0
Sobriety,1,0
Wieso,1,0
teach,1,0
wash,1,0
knave,1,0
Take,1,0
vagabond,1,0
Dammit,1,0
nerve,1,0
walking,1,0
Dein,1,0
Gestank,1,0
haut,1,0
glatt,1,0
Habe,1,1
Weitem,1,1
gerochen,1,1
day's,1,0
completely,1,0
PVerdammt,1,0
yokel,1,0
stroll,1,0
stink,1,0
washed,1,0
Áááh,1,1
degešis,1,0
Šolem,1,0
hurt,1,0
tipple,1,0
worst,1,0
beggar,1,0
Akarsz,1,0
Szétverjem,1,0
faszomat,1,0
nézel,1,0
nézem,1,1
milyen,1,1
ocsmány,1,1
Ilyet,1,1
mersz,1,1
Utoljára,1,1
anyádba,1,1
pofázz,1,1
Zbinko,1,0
Hase,1,0
Hasenburg,1,0
Stoia,1,1
Mondra,1,1
Micul,1,1
Attila,1,0
Mrkglurg,1,0
MMMMM,1,0
shaustyk,1,0
drevenej,1,0
zajebanej,1,0
Jezusmáriajosef,1,0
Panenka,1,0
Mária,1,0
čučoriedky,1,0
Galen,1,0
Alberich,1,0
megmutatom,1,1
Mondtad,1,0
csináltál,1,0
egyeztem,1,1
ebbe,1,1
hülyeséget,1,1
várj,1,1
Várj,1,1
fulladni,1,1
kirňol,1,1
Schenke,1,1
Geldstrafe,1,0
ungerecht,1,0
Tier,1,0
Schwanz,1,0
abhacken,1,0
damit,1,0
abgeschlossen,1,0
Reichstadt,1,1
böhmischer,1,1
bürger,1,1
Eiche,1,0
Gurim,1,0
amik,1,0
fegyver,1,0
Hanko,1,0
ignoramus,1,0
gesehen,1,0
hino,1,0
Akanak,1,0
aday,1,0
D'you,1,0
Nashti,1,1
nashlyol,1,1
tish,1,0
lyivinelas,1,0
hagyj,1,1
Only,1,0
yackers,1,0
allowed,1,0
gowk,1,0
fash,1,0
drift,1,0
Y'alright,1,0
We're,1,0
needing,1,0
cribbing,1,0
caps,1,0
leaking,1,0
cross-cut,1,0
Sonst,1,0
schlimm,1,1
Eyns,1,1
tsvey,1,1
dray,1,1
Bashka,1,0
meser,1,0
Gefällt,1,0
Ihnen,1,0
Meerrettich,1,0
bloß,1,1
Darf’s,1,1
folks,1,0
Eintopf,1,0
Hoffentlich,1,1
eure,1,1
Eier,1,1
gelb,1,1
feg’s,1,1
Ecke,1,1
vorn,1,1
Muttern,1,1
braves,1,1
Ruhig,1,1
Lauf,1,0
krumm,1,1
Saustall,1,0
Schling,1,0
verschluckst,1,0
Fein,1,1
fein,1,1
Guter,1,1
pickt,1,1
hält,1,1
hasse,1,0
kuschlige,1,0
Bronislav,1,0
Schießpulver,1,0
Ergo,1,1
bimbos,1,1
bibamus,1,1
juniper,1,0
Über,1,0
nashlyuv,1,0
Mareha,1,0
varekaske,1,0
avri,1,0
Aaaaah,1,0
kehile,1,0
be-ezres,1,0
Pflug,1,0
Schielhau,1,0
Zwerchhau,1,0
grazilen,1,0
Hobza,1,1
dong,1,0
elvérzel,1,1
faszikám,1,1
következővel,1,1
pokolra,1,1
jutsz,1,1
worm,1,0
sheep-shagger,1,0
Túrót,1,1
Kettő,1,1
ellen,1,1
bleeding,1,0
stuck,1,0
szarzabálók,1,0
Baszni,1,0
You'll,1,0
Essünk,1,0
rajta,1,0
fogod,1,0
bánni,1,0
hugyozni,1,1
Szétrúgjuk,1,0
seggeteket,1,0
beleütnöd,1,1
felbasznod,1,1
Kerítsétek,1,0
bolond,1,0
mocsadék,1,0
vérzel,1,1
Ketten,1,1
kicsináljuk,1,1
Harc,1,1
fejükre,1,1
menjetek,1,1
lerendezzük,1,0
Veled,1,1
szempillantás,1,1
leszek,1,1
érek,1,1
nearly,1,0
done,1,0
Alig,1,1
lábadon,1,1
Disznó,1,0
kurvák,1,0
hullajelölt,1,0
összeszartad,1,0
szemetek,1,0
fucked,1,0
badly,1,0
Balról,1,0
támadj,1,0
Kibelezünk,1,0
szarevő,1,0
Eltöröm,1,0
gehören,1,1
zerstückeln,1,1
seid,1,0
Feiglinge,1,0
Feigling,1,0
kriegst,1,1
Spaß,1,1
Ruthards,1,0
Piseks,1,0
Anhänger,1,1
Farbe,1,1
Svatosch,1,0
verschenkt,1,1
Halt’s,1,1
Maul,1,1
perpetua,1,1
luceat,1,1
Ierusalem,1,0
Mère,1,0
riddance,1,0
surprised,1,0
Fortress,1,0
Isn't,1,0
Cross-eyed,1,0
Clyde's,1,0
turf,1,0
guess,1,0
they'd,1,0
clowns,1,0
nowadays,1,0
gotta,1,0
wanna,1,0
live,1,0
reckon,1,0
gonna,1,0
feast,1,0
Court,1,0
kind,1,0
eating,1,0
Yesterday,1,1
cooked,1,1
taught,1,0
mate,1,0
probably,1,0
Father,1,0
sermon,1,0
sure,1,0
says,1,0
dogs,1,0
Venda's,1,0
once,1,0
delicious,1,0
Oresmo,1,0
Livre,1,0
Ciel,1,0
Monde,1,0
Mainz,1,0
baron,1,1
Lófaszt,1,0
tudja,1,0
tulajdonképpen,1,1
Holnap,1,1
találkozom,1,1
értesz,1,1
felesége,1,1
Hova,1,1
haver,1,1
Látod,1,0
Visszamegyek,1,0
Borzasztóan,1,1
nevetségesen,1,1
beszédetek,1,1
zavarba,1,1
hozol,1,1
előtte,1,1
megkeserülöd,1,1
nagyszerű,1,0
Káposztalé,1,1
agyad,1,1
helyén,1,1
Seggfej,1,0
áldóját,1,0
Tökéletes,1,0
Balhét,1,0
Kohldampf,1,0
argh,1,0
Aahhh,1,0
gasp,1,0
Wolfram,1,0
Frentslin,1,1
Klik,1,1
Pieschel,1,1
Premysl,1,0
Otter,1,0
Wanddekoration,1,0
Sohn,1,1
Hündin,1,1
Bohunowitz,1,0
értelek,1,0
głupcze,1,0
Bohème,1,0
Valaques,1,0
Anglais,1,0
Jilemnitz,1,1
Autsch,1,0
Nase,1,0
poliere,1,0
Fresse,1,0
Wien,1,1
Fuhrmänner,1,1
sofort,1,1
Schulter,1,1
Kneipen,1,1
Schenken,1,1
Schläge,1,1
Möchtest,1,1
wetten,1,1
rikono,1,0
Moordarde,1,1
kharo,1,0
Djalas,1,0
suno,1,0
Matsch,1,1
Schädel,1,1
Golgotha,1,0
cher,1,0
Vienne,1,0
Quoi,1,1
qu'il,1,1
amis,1,0
sommes,1,0
libres,1,0
Moravie,1,0
Sigismond,1,0
aventurier,1,0
voyageur,1,0
brave,1,0
Vaukla,1,0
Brabah,1,0
Sigillum,1,1
confessionis,1,1
Leflirska,1,0
Katie,1,0
goulash,1,1
picora,1,1
Großvater,1,0
großer,1,0
bellezia,1,1
Berta,1,0
mund,1,0
würdest,1,1
T-aves,1,0
cosa,1,0
stai,1,0
facendo,1,0
Kyrie,1,1
eleison,1,1
septem,1,0
artes,1,0
liberalis,1,0
quadrivium,1,0
Isidore,1,0
Horus,1,0
Sanitatis,1,0
Materia,1,0
Medica,1,0
Professor,1,0
Jachym,1,0
Bavorsky,1,0
Bilin,1,1
Hashtal,1,0
Mladyeov,1,1
devla,1,0
cannot,1,0
play,1,0
läuft,1,1
Plan,1,1
bajinav,1,0
rotten,1,0
Godyavereske,1,0
laveha,1,0
dilineske,1,0
rugin,1,0
meyn,1,0
Gutes,1,0
kareha,1,0
Verdammtes,1,1
kham,1,0
steht,1,1
gewinnen,1,1
scheinem,1,0
Wahnsinn,1,1
verdammtes,1,0
Echrp,1,0
blöde,1,1
Zange,1,1
Lawrence,1,0
terza,1,0
rima,1,0
istos,1,0
weinen,1,0
kaum,1,0
hinsehen,1,0
Those,1,0
dice,1,0
throw,1,0
réputation,1,1
pièce,1,1
pacotille,1,1
verdamme,1,0
Mutter,1,1
Kettéváglak,1,0
akard,1,1
mérges,1,1
legyek,1,1
Benn,1,1
sátorban,1,1
lennénk,1,1
nevezed,1,1
szabadságnak,1,1
enni,1,1
Kivaló,1,0
Rúgjuk,1,1
szét,1,1
seggét,1,1
hülye,1,1
vártál,1,0
Távolról,1,0
szeded,1,1
bízalmat,1,1
ezeknek,1,1
söpredék,1,1
mennünk,1,1
hajú,1,1
róka,1,1
pillanat,1,1
magamért,1,1
Könnyű,1,1
köpés,1,1
Idióta,1,0
jöttünk,1,0
ahogy,1,1
Hiba,1,1
idejönni,1,1
gyilkosokra,1,1
Fegyver,1,0
idejönnöd,1,1
sátor,1,0
Riadóóóó,1,0
Támad,1,0
Riadó,1,0
Roham,1,0
Támadó,1,1
Tessék,1,1
cimborák,1,1
vagytok,1,1
segítsetek,1,1
győzzük,1,0
idióta,1,1
utánam,1,0
Baszhatjuk,1,0
jövök,1,0
Kapjuk,1,0
Engem,1,1
hívnak,1,1
magadra,1,1
napsugaram,1,1
Nevererd,1,1
Éhes,1,1
Ennél,1,1
fordíts,1,1
visszamennék,1,1
holnap,1,1
mást,1,0
tehetnék,1,0
hegyen-völgyön,1,1
járnak,1,1
bámultok,1,0
hátul,1,0
Amúgy,1,1
áruló,1,1
csőcselék,1,1
rohadunk,1,0
Melyik,1,0
kettő,1,0
kizárva,1,0
Gondolod,1,1
fogja,1,1
gyújtani,1,1
helyet,1,1
hagynál,1,1
Úgysem,1,1
tehetnek,1,1
Megkeressük,1,0
kettőt,1,0
Semmi,1,0
ácsorogsz,1,0
Szarszag,1,1
Mindenhol,1,1
trágyaszag,1,1
Trágyaország,1,1
találnak,1,1
friss,1,1
Többet,1,1
falat,1,1
hajlandó,1,1
lenyelni,1,1
Viszket,1,1
Sehol,1,1
megvakargatná,1,1
akiket,1,1
először,1,1
küldtek,1,1
Ennyi,1,1
hűhó,1,1
semmiért,1,1
Mintha,1,1
nyúznánk,1,1
ideje,1,1
elindulni,1,1
Fogjátok,1,1
eltöröm,1,1
lábatok,1,1
hadseregbe,1,1
szereted,1,1
szabadságot,1,1
esélyt,1,0
Együnk,1,1
tűnjünk,1,1
megértem,1,1
valakinek,1,1
kezdenie,1,1
meggyőzni,1,1
egyforma,1,1
ideális,1,1
másképp,1,1
alakul,1,1
nyugodtak,1,1
leszünk,1,1
Maximi,1,0
episcopi,1,0
confesoris,1,0
Petronille,1,0
virginis,1,0
Nicomedis,1,0
martys,1,0
Metallum,1,0
Proben,1,0
Fornax,1,0
Grundae,1,0
anderes,1,1
Radši,1,1
hned,1,1
votoč,1,1
táhni,1,1
vodkud,1,1
přišel,1,1
dědku,1,1
lovely,1,0
linden,1,0
heart,1,0
yours,1,0
gefiel,1,0
touches,1,0
strong,1,0
grappling,1,0
birch,1,0
sapling,1,0
Getting,1,0
problem,1,0
washing,1,0
working,1,0
somebody,1,0
honey,1,0
sweetie,1,0
dearie,1,0
such,1,0
fool,1,0
Wunden,1,0
versorgt,1,0
Ughhhh,1,0
Skuzi,1,0
Kornuto,1,0
Milushka,1,0
Rakousitz,1,1
chalaves,1,0
pipin,1,0
khude,1,0
kiye,1,0
vichinava,1,0
Diable,1,1
chevaliér,1,1
marquis,1,1
pénis,1,1
Anvers,1,0
Bruxelles,1,0
Louvain,1,0
Paris,1,0
Chevaliér,1,0
aucun,1,0
Jacques,1,0
Jean,1,0
L'Empereur,1,1
Bohême,1,1
Échanson,1,0
français,1,1
n'était,1,1
difficile,1,1
question,1,1
tandem,1,0
tertiam,1,0
finale,1,0
bayinav,1,0
chhon,1,0
enim,1,0
sunt,1,0
eius,1,0
avaritia,1,0
fictis,1,0
verbis,1,0
negotiabuntur,1,0
Kolda,1,0
patris,1,1
Fraynd,1,0
Chacho,1,0
Három,1,1
nappal,1,1
ezelőtt,1,1
Nicolas,1,0
Flamel,1,0
Elbel,1,1
Spangus,1,1
Herrgot,1,1
heiße,1,1
Homo,1,0
inter,1,0
homines,1,0
vivo,1,0
Junger,1,0
herr,1,0
Stork,1,1
zalt,1,1
Zalt,1,1
alum,1,1
kérem,1,1
schwere,1,1
Gebühren,1,1
Schmiergelder,1,1
beschissen,1,1
endlich,1,1
Meissen,1,0
Kérlek,1,1
Kampa,1,1
Lachho,1,0
Laudetur,1,0
Christus,1,0
tebiscum,1,0
frater,1,0
meus,1,0
Olmütz,1,1
verzichtete,1,0
sogar,1,0
Rachel,1,0
Schweine,1,1
Metallen,1,0
immundis,1,0
viribus,1,0
satana,1,0
pios,1,0
tentatione,1,0
eripere,1,0
fogható,1,1
Hornád,1,0
magistri,1,0
mendaces,1,0
introducent,1,0
sectas,1,0
perditionis,1,0
Risiko,1,0
Profit,1,0
lachhes,1,0
nullius,1,0
cedit,1,0
occupanti,1,0
Jacob,1,0
Szia,1,1
draco,1,0
nefande,1,0
spiritus,1,0
mendax,1,0
Temeritas,1,0
damnare,1,0
quod,1,0
nescias,1,0
Exorcizo,1,0
Deum,1,0
vivum,1,0
verum,1,0
sanctum,1,0
Iesu,1,1
Christi,1,1
Yaneba,1,0
Petsch,1,0
Tschaslau,1,1
Jaispitz,1,0
opatruj,1,0
všechny,1,0
Pepaaa,1,0
Hroznata,1,0
amalos,1,1
familiyake,1,0
patchiv,1,0
djukle,1,0
chordo,1,0
Charav,1,0
yiloro,1,0
Sukervitsa,1,0
piski,1,0
marel,1,0
kamado,1,0
Svetitz,1,0
Schicksal,1,0
spricht,1,1
Kniff,1,0
gerettet,1,1
Ärsche,1,1
greifen,1,0
einfacher,1,0
Einbruch,1,0
Gerechtigkeit,1,0
geben,1,0
einbrechen,1,0
stehlen,1,0
Päpste,1,1
Avignon,1,1
Imperium,1,1
öffentliche,1,0
Luca,1,0
Beneventti,1,0
Unglaublich,1,0
ausgezeichnet,1,0
Politik,1,0
Römer,1,1
Kämpf,1,0
Zurück,1,0
Langschwerts,1,0
Prague,1,1
Übungskampf,1,0
dreimal,1,0
Geil,1,0
Gesichter,1,0
Technik,1,0
Lichtenauer,1,0
Schwerdt,1,1
frei,1,1
herzinnig,1,1
wärst,1,1
getraut,1,1
Braut,1,1
irgendwie,1,0
denk,1,0
anders,1,1
Neuer,1,1
Kurfürsten,1,1
Klar,1,0
miteinander,1,0
Dreck,1,0
alle,1,1
Letztendlich,1,0
lief,1,0
augezeichnet,1,0
Schwerts,1,0
Freundschaft,1,0
Glücklich,1,1
Augsburg,1,1
bessere,1,1
jetz,1,0
Later,1,0
jeden,1,0
normalerweise,1,0
Heiliges,1,1
Römisches,1,1
diplomat,1,1
Judentor,1,0
Große,1,1
Stadt,1,1
Erst,1,1
schmutzigen,1,1
Ulrika,1,1
duellieren,1,0
Burg,1,0
Burgenstrasse,1,0
einige,1,0
Frankfurter,1,0
Schwertkampfschule,1,0
schönes,1,0
Jahre,1,0
Meisterschläge,1,1
Einfach,1,1
großartig,1,1
Kirchen,1,1
große,1,1
Messen,1,1
Siehst,1,0
Ländern,1,1
zugestimmt,1,0
vége,1,0
Közel,1,1
meglógjanak,1,1
Előlem,1,0
lépsz,1,0
Felaprítalak,1,0
Aprítsátok,1,0
Menekülnek,1,0
stech,1,0
Grastane,1,0
pora,1,0
lyidjan,1,0
banderi,1,0
predjal,1,0
persho,1,0
Savorale,1,0
kamen,1,0
frishne,1,0
graia,1,0
Savore,1,0
graienge,1,0
neve,1,0
Oles,1,0
yekfeder,1,0
prastala,1,0
somnakune,1,0
avela,1,0
Romale,1,0
prekidkeriben,1,0
Vrasa,1,0
djan,1,0
dreshli,1,0
Ughhh,1,0
trauen,1,1
ausmacht,1,0
dose,1,0
Magnum,1,0
Opus,1,0
Peshek,1,0
Feuerwerkbuch,1,0
charisma,1,0
tuendum,1,0
Adelaide,1,0
Ofka,1,0
Kyeser,1,1
Bertold,1,1
Foyer,1,1
Bonaventura,1,1
Dietrich,1,1
Freiberg,1,1
Tristi,1,1
Trismesti,1,1
caelis,1,0
punches,1,0
Morticius,1,0
honore,1,0
Inna,1,0
lillahi,1,0
inna,1,0
ilayhi,1,0
raji'un,1,0
Kadi,1,0
sultan,1,0
pharo,1,0
achiben,1,0
chavore,1,0
Verzeihung,1,0
Bruno,1,0
sóhajomból,1,1
szétrúgom,1,1
Húzzál,1,0
Tűnnyél,1,1
megöllek,1,1
Svině,1,0
pražský,1,0
Vodu,1,1
potřebuju,1,1
vodu,1,1
Nebo,1,1
pivo,1,1
Molnár,1,1
Elfen,1,0
pfff,1,0
mome,1,0
mame,1,0
Hrrrrmph,1,0
Hmmrf,1,0
Hrrrrmmmmmph,1,1
Hrrmph,1,1
Mássz,1,0
Mozdulj,1,0
Bújj,1,0
Szard,1,1
Mocskos,1,1
gyertek,1,1
Téged,1,0
megbaszlak,1,0
Megdöglötök,1,0
rohadékok,1,0
pasting,1,0
Segítek,1,0
Szétrúgom,1,0
Felaprítjuk,1,0
Egyedül,1,1
lennél,1,1
bátor,1,1
kíméljétek,1,0
Megdöglesz,1,0
getreten,1,0
töten,1,1
freunde,1,0
Tabr-heim,1,1
Tau-se,1,1
TAUBERBISCHOFSHEIM,1,1
Tauberbisho,1,1
Schließen,1,1
Partner,1,1
siehe,1,1
partner,1,1
Annie,1,0
Krüge,1,0
hoch,1,0
dummkopf,1,0
alte,1,0
Himmel,1,1
Tuber,1,1
Hofissam,1,1
merchant,1,0
Taubisch,1,1
Tauberhofs,1,1
heim,1,1
TAUBER,1,1
BISCHOFS,1,1
HEIM,1,1
jawohl,1,0
nacht,1,0
Ebenfalls,1,1
Spielst,1,1
Würfel,1,1
exotisch,1,1
Dekoration,1,1
Exakt,1,1
lange,1,1
Trinken,1,0
holz,1,1
Wirklich,1,1
Würfeln,1,1
végeztünk,1,0
Mégis,1,1
hová,1,1
Megállj,1,0
Rohadt,1,0
megharapott,1,0
Shit,1,1
dog's,1,1
biting,1,1
Csapd,1,0
dögöt,1,0
Ezért,1,1
pofádat,1,1
döggel,1,1
kutyával,1,0
Schweinehund,1,1
Brate,1,1
böser,1,1
Mensch,1,1
Spawn,1,0
Burn,1,0
heathen,1,0
Töte,1,1
nutzlos,1,1
kratz,1,0
gebissen,1,1
Beißendes,1,1
Senitz,1,0
mulieribus,1,0
benedictus,1,0
fructus,1,0
ventris,1,0
hora,1,0
nostrae,1,0
misericordiae,1,0
peccatoribus,1,0
Vita,1,0
dulcedo,1,0
spes,1,0
mihi,1,0
castitatem,1,0
continentiam,1,0
noli,1,0
modo,1,0
píčo,1,0
érdekel,1,0
kószáltál,1,0
tünt,1,0
Szarni,1,1
szórakozol,1,1
viccelsz,1,0
Tünés,1,1
Szemétláda,1,0
Kibelezlek,1,1
szemét,1,1
Rohadék,1,0
Készülj,1,1
összeszarod,1,1
Levágom,1,0
golyóidat,1,0
Többen,1,1
esélye,1,1
szétcincáljuk,1,1
Leverem,1,0
Chrrp,1,0
Chrrrm,1,0
Echrm,1,0
Echm,1,0
echm,1,0
Mmmmmm,1,0
talátam,1,1
dupláznunt,1,1
őrséget,1,1
hilfe,1,0
Adaj,1,0
Ébresztő,1,0
Kutassatok,1,1
akarom,1,1
Nézzél,1,1
körül,1,1
Nézd,1,1
volt-e,1,1
elegem,1,1
lármából,1,1
Elegem,1,0
mulyom,1,0
Örizz,1,1
bennünnket,1,1
Devloro,1,1
mangav,1,1
Pheras,1,0
akana,1,0
k-holyardo,1,0
p-herasutno,1,0
tűnik,1,1
öntenünk,1,1
ezzel,1,1
zabával,1,1
ivott,1,1
abból,1,1
borra,1,1
szükségünk,1,1
Újra,1,1
főzni,1,1
egészet,1,1
Senki,1,1
egyen,1,1
kajából,1,1
amíg,1,1
teljesen,1,1
főztük,1,1
szaga,1,0
Hmmmmm,1,0
Vorwärts,1,0
Ugyan,1,1
bekommen,1,0
wolltest,1,0
soha,1,1
ennyire,1,1
szarul,1,1
borunk,1,0
megromlott,1,0
fazékból,1,1
néznem,1,1
kaja,1,1
lehetett,1,1
elmúlik,1,1
érzés,1,1
gyomorgörcsök,1,1
sokkal,1,1
gyengébbek,1,1
múlik,1,1
Palikerav,1,1
verrückt,1,0
Legközeleb,1,1
pörköltet,1,1
főzök,1,1
djuklo,1,0
Vichin,1,0
djukles,1,0
dzeka,1,0
jek-hvar,1,0
muterava,1,0
mandar,1,0
khudeha,1,0
chivel,1,0
Vash,1,0
chineder,1,0
dinyom,1,0
Chivava,1,0
Haaah,1,0
ergebe,1,1
sündisznót,1,1
zabáltam,1,1
Egyértelmű,1,1
Valaki,1,1
ellopta,1,1
Várjunk,1,1
brauche,1,0
Bandage,1,0
mindž,1,0
tetemmel,1,1
Dik-hen,1,0
rohatt,1,1
Szabaduj,1,1
tőle,1,1
komme,1,0
reiß,1,1
Shlegrey,1,0
dzhal,1,0
Sprich,1,0
Gebete,1,0
Aday,1,0
zbranya,1,0
nakampel,1,0
Megérdemelte,1,0
megetetlek,1,1
voltál,1,0
tetted,1,0
benga,1,1
shay,1,1
roden,1,1
djav,1,1
Mizerere,1,0
leste,1,0
Aver,1,1
butyi,1,1
kerel,1,1
fayfe,1,0
khomets,1,0
Überrascht,1,0
loitering,1,0
night,1,0
Chrrrp,1,0
Sandiki,1,1
p-hendja,1,0
chachipen,1,0
dzhivipen,1,0
motto,1,0
Bartoschek,1,0
Drahonitz,1,0
egal,1,0
reichen,1,1
Hochwarth,1,0
holen,1,0
frag,1,1
pass,1,1
trifft,1,1
Nagel,1,1
Verstand,1,0
verloren,1,0
Hurensöhne,1,1
Bianca,1,0
romeha,1,1
gadjeha,1,1
labarel,1,1
Nyich,1,0
ayso,1,0
romano,1,0
yilo,1,0
Bokhaľi,1,1
ričňi,1,1
khelel,1,1
kayse,1,0
bere,1,0
mindja,1,0
lassen,1,1
darauf,1,1
Sobotka,1,0
Gitschin,1,0
Jitschine,1,0
schieß,1,0
Rettung,1,1
Aujezd,1,1
Sankt,1,1
Katharinen,1,1
Heilige,1,0
Gewölbe,1,1
zwanzig,1,1
Klafter,1,1
geschätzten,1,1
Wallenstein,1,0
dahergelaufene,1,0
Soll,1,1
darüber,1,1
gesamten,1,1
Königreich,1,1
moglich,1,0
Rede,1,0
wert,1,0
Großskal,1,1
Hradec,1,0
Boresh,1,0
Riesenburg,1,0
Bohuslav,1,0
Schwamberg,1,0
subcamerarius,1,0
Platnerska,1,0
Werkstätten,1,1
Gleich,1,1
daneben,1,1
alten,1,1
Minenschächte,1,1
hingegen,1,0
Cheska,1,0
Havirzhska,1,0
Jedenfalls,1,0
ihre,1,0
Gastfreundschaft,1,0
ungern,1,0
nämlich,1,0
Andererseits,1,0
gonne,1,0
Lehndienst,1,0
meines,1,0
Leibeigenschaft,1,0
Vasall,1,0
abwarten,1,0
Capitano,1,0
Barbiano,1,0
Jahr,1,0
Sforza,1,0
Italien,1,1
großartiges,1,1
Außer,1,1
Leuten,1,1
Lanze,1,0
armiger,1,1
Trott,1,1
unerschütterliche,1,1
freue,1,1
Stürmen,1,1
Mauern,1,1
Mayn,1,0
Vots,1,0
yunger,1,0
Chororo,1,1
refo,1,0
cahoots,1,0
robbers,1,0
ambushed,1,0
fair,1,0
thing,1,0
weren't,1,0
fort,1,0
fools,1,0
minds,1,0
Ergibt,1,1
Witz,1,1
Ludvik,1,0
Daniela,1,1
Buda,1,1
hehehe,1,0
Hilf,1,0
többi,1,0
disznóval,1,0
Segíts,1,1
élheted,1,1
minj,1,0
bechor,1,0
Rigor,1,1
Phew,1,0
Deloro,1,0
saved,1,0
pueri,1,1
senes,1,1
Malvasia,1,0
Regula,1,0
Benedicti,1,0
labora,1,0
Tessie,1,0
Mmpf,1,0
Anyáik,1,1
sírba,1,1
borulnak,1,1
Bárki,1,0
tegnap,1,0
elveszítik,1,0
hitüket,1,0
Gyermekeink,1,1
sírnak,1,1
rínak,1,1
holnapra,1,0
elenyész,1,0
Mélyen,1,1
hívő,1,1
emberek,1,1
Szegénység,1,0
éhínség,1,0
kenyér,1,1
illata,1,1
csináljunk,1,1
abba,1,1
fogadóba,1,1
tény,1,1
utál,1,1
csehek,1,1
megvetendőek,1,1
Basszus,1,1
anyám,1,1
Fentről,1,1
hívnod,1,1
segítsen,1,1
Hiányzik,1,1
otthonom,1,1
ételről,1,1
Lányok,1,0
enné,1,0
biztosan,1,1
mindegyik,1,1
kíváncsi,1,1
hányásra,1,1
Folyton,1,1
horgászni,1,1
hirtelen,1,1
Nehogy,1,1
belehányj,1,1
ágyamba,1,1
Moshattam,1,1
órákig,1,1
tóban,1,1
Kezdek,1,0
lenni,1,0
tempóval,1,1
nemsokára,1,1
érezzük,1,1
alábecsülöd,1,0
szomjúságomat,1,0
beszédből,1,1
oldani,1,0
Hirtelen,1,0
hazamenni,1,0
srácok,1,0
kutyáké,1,0
Hehay,1,0
kiss,1,0
Elkaptam,1,0
fiúk,1,0
mocsok,1,0
utolsó,1,0
Hahá,1,1
üdvözletem,1,1
alvilági,1,1
démonoknak,1,1
sírra,1,1
pisálni,1,1
szopni,1,1
farkát,1,1
meglépjen,1,1
láttátok,1,0
seggére,1,1
lenyomok,1,1
egyet,1,1
schießt,1,1
Lőni,1,0
Fedezékbe,1,0
Nyílpuska,1,0
bettle,1,0
Gnade,1,0
halott,1,1
Nächste,1,1
fahr,1,1
Trottel,1,0
beenden,1,1
bereuen,1,0
Dafür,1,1
umbringen,1,1
armes,1,1
Klatsche,1,1
Schutzheilige,1,0
spinnst,1,0
amaleya,1,0
Ritterbrüder,1,0
Putain,1,0
Compostela,1,0
Seid,1,1
Dummköpfe,1,1
schreist,1,0
leshy,1,0
Kosovo,1,0
Crétins,1,0
Mam'selle,1,0
grazio,1,1
Buoona,1,0
seera,1,0
signoory,1,0
Scuusi,1,0
soono,1,0
veloce,1,0
uccideró,1,0
vostra,1,0
l'anglaise,1,0
Tours,1,0
Caesarius,1,0
Heisterbach,1,0
Jacobus,1,0
Voragine,1,0
beszéltük,1,1
bête,1,1
lourde,1,1
Champmol,1,1
Ebbes,1,0
Münzmeister,1,0
Lacković,1,0
Stjepan,1,0
seiner,1,1
gnädig,1,1
Schlucht,1,0
Mögen,1,1
Wege,1,1
hiermit,1,1
trennen,1,1
Rajtad,1,1
bádogfattyú,1,0
Tanulj,1,0
vívni,1,0
páncél,1,1
Egyenest,1,0
húsba,1,0
páncélért,1,0
pajzson,1,0
Harapj,1,0
füvet,1,0
Remek,1,0
csapás,1,0
fick,1,0
ausnehmen,1,0
Khartoum,1,0
Svadilfari,1,0
benötige,1,1
neues,1,1
Veillantif,1,0
Bill,1,0
Rossgericht,1,0
Furioso,1,1
Dahoman,1,1
poshvetsin,1,0
maro,1,0
adadyives,1,0
Odmuk,1,0
amenge,1,0
amare,1,0
odmukas,1,0
olenge,1,0
musarde,1,0
avka,1,0
kames,1,0
t-ho,1,0
ashundyipen,1,0
bersh,1,0
avena,1,0
ľidja,1,1
Pal'ikerav,1,0
familiya,1,0
Gang,1,0
Excuse-moi,1,0
buongustaio,1,1
donne,1,1
bellissime,1,1
vino,1,1
delizioso,1,1
Marienburg,1,0
Cristo,1,0
Pribyslavitz,1,1
Jasný,1,1
éhes,1,0
étellel,1,0
megyünk,1,1
megütöm,1,1
mérgezte,1,1
Kiüssem,1,0
Bela,1,0
Kövesd,1,0
Trotznow,1,0
Előbb,1,1
tudj,1,1
ítélj,1,1
történet,1,0
évágyot,1,1
kívánot,1,1
kokots,1,0
Gnnn,1,0
Kurvá,1,1
pičé,1,1
kurvá,1,1
Bože,1,1
zkurvená,1,1
kurvafix,1,0
Zach,1,0
stört,1,1
dagegen,1,0
unternommen,1,0
faut,1,1
savoir,1,1
s'adapter,1,1
revoir,1,1
Marché,1,1
conclu,1,1
sérieux,1,1
remercie,1,0
compliment,1,0
monsieur,1,0
d'Arezzo,1,0
sang,1,0
Calmez-vous,1,0
homme,1,0
monde,1,0
content,1,0
Doux,1,1
Jésus,1,1
voyez,1,1
D'accord,1,0
Dis-lui,1,0
parents,1,0
saluent,1,0
Thaddeus,1,1
Mandelina,1,1
Gelobt,1,0
wunderschöner,1,1
wood,1,0
chambers,1,0
Festtagstunika,1,0
reinigen,1,0
Mach,1,0
aleichem,1,0
mištes,1,0
namištes,1,0
Wirst,1,1
worüber,1,1
gesprochen,1,1
cseh,1,1
jön-megy,1,1
unmöglich,1,0
leidtun,1,0
gehst,1,0
lovon,1,1
kancád,1,1
erszénye,1,1
bevor,1,1
cimbora,1,1
ändern,1,1
meghalnod,1,1
vársz,1,0
Nächstes,1,1
schlimmer,1,1
Tartsd,1,1
hülyeségeidet,1,1
napon,1,1
végezzük,1,1
levágnunk,1,1
hart,1,0
spielen,1,0
Várni,1,1
égben,1,1
Megbosszulunk,1,0
félj,1,0
Prostě,1,0
padej,1,0
úgyhogy,1,1
Schneller,1,0
Schuft,1,0
lebst,1,0
pofázol,1,1
figyellek,1,1
mégy,1,1
Hajtsd,1,0
shouldn't,1,0
ideevett,1,1
gebéd,1,1
Bosszút,1,1
Zavard,1,1
pofáját,1,1
sitzt,1,0
glug,1,0
Hmhm,1,0
Predbor,1,1
Wentzel,1,0
verehrter,1,1
Verstehe,1,0
permettete,1,0
Überfall,1,0
gyűjtsék,1,1
katonáikat,1,1
keljenek,1,1
útra,1,1
Disziplin,1,1
Disziplinen,1,0
Schwertkämpfers,1,0
Trotznov,1,0
Mozogj,1,1
pazaroljátok,1,1
időt,1,1
paraszttal,1,1
Hajtsátok,1,1
Mindenkit,1,1
Wohl,1,0
Tobias,1,1
Patris,1,0
Filii,1,0
Spiritus,1,0
sancti,1,0
chazer,1,0
Albion,1,0
Durendal,1,0
warst,1,1
unterlegen,1,1
varrjál,1,1
paszományt,1,1
Mindjárt,1,0
következő,1,0
Felaprítlak,1,1
csirkét,1,1
Velem,1,1
akarj,1,1
szórakozni,1,1
belém,1,1
kötnöd,1,1
Fuss,1,1
öcsike,1,1
Koppan,1,0
koponya,1,0
picsa,1,0
Bűzös,1,0
Anfang,1,0
gehabt,1,0
factum,1,0
incumbit,1,0
probatio,1,0
dicit,1,0
negat,1,0
Barley,1,0
Voity,1,0
Giotto,1,0
Voitecus,1,0
Aridis,1,0
Julia,1,1
Mennyei,1,1
Bellisima,1,1
elől,1,1
elszökhetsz,1,1
múltad,1,1
Trés,1,0
Laissez,1,0
tomber,1,0
après,1,1
Hawkwood,1,1
belleza,1,1
Eehh,1,0
Vienna,1,1
Bellator,1,0
Comme,1,1
déteste,1,1
paysans,1,1
alors,1,0
mieux,1,0
t'attends,1,0
connard,1,0
Attaque,1,0
Pourquoi,1,0
dois-je,1,0
salir,1,0
Vaffanculo,1,0
brutto,1,0
stronzo,1,0
l'as,1,0
puni,1,0
Donne-lui,1,1
Joli,1,1
coup,1,1
faire,1,0
brennen,1,0
fliegt,1,0
beide,1,0
Luft,1,0
Dörfler,1,0
Unverzüglich,1,0
Hakenbüchse,1,1
Weil,1,0
schwer,1,0
jämmerlich,1,0
Loshany,1,1
Kolín,1,1
Ritter,1,0
unfassbare,1,0
Haus,1,1
hörst,1,1
dort,1,0
fällt,1,1
Neuigkeiten,1,0
einzig,1,0
Interessante,1,0
wüsste,1,0
Neueste,1,1
Haben,1,1
neuen,1,1
Schwertkampf,1,1
Aufgabe,1,0
glücklich,1,1
dürfen,1,1
gespannt,1,1
unglücklich,1,0
Unerhörte,1,1
Teuton,1,0
dicsőség,1,1
Istennek,1,1
Hahahá,1,0
déli,1,1
szélre,1,1
tanúm,1,1
győzelem,1,0
Esélyed,1,1
hiányzott,1,1
szemöldökére,1,1
démonra,1,1
átkozottul,1,1
kevésen,1,1
múlott,1,1
váratlanul,1,1
kemény,1,1
dokazovat,1,0
None,1,0
finer,1,0
miner,1,0
anymore,1,0
Kdybys,1,1
doma,1,1
seděl,1,1
Boooring,1,0
Show,1,0
neuklouzne,1,0
diesen,1,1
schiefgegangen,1,1
dabei,1,0
gedacht,1,0
Gerhart,1,0
Iglauer,1,0
Peregrin,1,0
Roccia,1,1
béne,1,1
Henryk,1,0
Skaly,1,0
Igyál,1,1
többet,1,1
kevesebbet,1,1
akik,1,1
tereltünk,1,1
együtt,1,1
libákat,1,1
Tiszteletem,1,1
mmmh,1,0
Schließlich,1,1
verlieren,1,1
bellisa,1,1
Hypatia,1,1
Alexandria,1,1
carpe,1,0
diem,1,0
Adieu,1,0
bonne,1,0
T'inquiète,1,0
incognito,1,0
mluviil,1,1
vypadá,1,1
jako,1,1
Viktorka,1,1
prostě,1,1
zmizela,1,1
poker,1,1
soll's,1,1
Welche,1,1
Jimbo,1,0
balatro,1,0
Poker,1,0
verarschen,1,0
ergibt,1,1
Eine,1,1
Lieb,1,0
interessiert,1,0
Erste,1,1
Pravoslav,1,1
lügen,1,0
Einverstanden,1,0
Großartig,1,1
Hloushetz,1,1
phew,1,0
Rychnov,1,0
Sheoyl,1,0
Arnold,1,0
Sibald,1,0
Niclas,1,0
Aequam,1,0
rebus,1,0
arduis,1,0
servare,1,0
mentem,1,0
Hmph,1,0
mentor,1,0
doby,1,1
přišla,1,1
muže,1,1
Pánbůh,1,1
nebe,1,1
mezi,1,1
lidi,1,1
nechodí,1,1
možná,1,1
starej,1,1
sedlák,1,1
Jednu,1,1
dobu,1,1
furt,1,1
dolejzal,1,1
Přátelí,1,1
Marta,1,1
kováře,1,1
mohla,1,1
vědět,1,1
znám,1,1
naposled,1,1
Nich,1,1
hoffentlich,1,1
aleychem,1,0
Lancelot,1,0
Djan,1,0
bakhtalyi,1,0
bibi,1,0
Roma,1,1
Weiß,1,1
Krakovitz,1,1
brought,1,0
infirmary,1,0
came,1,0
arguing,1,0
who's,1,0
fault,1,0
bash,1,0
barely,1,0
raises,1,0
voice,1,0
well,1,0
Exactly,1,0
Diendebruder,1,0
swordfight,1,0
seeing,1,0
dumb,1,0
dumber,1,0
cutting,1,0
eachother,1,0
happened,1,0
thrilled,1,0
scolded,1,0
sneezing,1,0
loud,1,0
Patri,1,0
Filio,1,0
Spiritui,1,0
Otmar,1,0
Unterbrück,1,0
quote,1,0
regnum,1,1
fiat,1,1
Paaaaah-nooooom,1,1
noooooh-stroooom,1,1
quoooo,1,1
Paaaaahter,1,1
nooooohster,1,1
queeee,1,1
asss,1,1
kaylis,1,1
Iglau,1,1
Blutig,1,0
Juerg,1,0
Konkurrenz,1,0
wofür,1,0
ganzes,1,1
Fass,1,1
Scheißdreck,1,0
arrangieren,1,1
Bereitschaft,1,1
würden,1,1
großen,1,0
Schwierigkeiten,1,0
rival,1,1
glitschige,1,1
Schlange,1,1
Wölfe,1,0
gäbe,1,1
nobile,1,0
Camillo,1,1
Valla,1,1
Niente,1,0
nuovo,1,0
sotto,1,0
sole,1,0
Perché,1,0
Campanus,1,1
Novara,1,1
orologia,1,1
bove,1,0
maiori,1,0
discit,1,0
arare,1,0
minor,1,0
Achte,1,0
Worte,1,0
Pause,1,0
aufgehört,1,1
genesen,1,1
prekristapána,1,0
Sofern,1,1
Ahnung,1,0
Klatsch,1,0
übel,1,1
verdammten,1,1
ungarischen,1,1
Teufelskerle,1,1
fragst,1,0
ich’s,1,1
lebt,1,0
Koshumberg,1,1
Dalechin,1,1
Kuhberg,1,1
Vrchlitz,1,0
Celestine,1,0
B-brony,1,0
mhmm,1,1
pittore,1,1
picchiarmi,1,1
mare,1,0
Portami,1,0
zuppa,1,0
ragazza,1,0
seno,1,0
bella,1,0
Italia,1,0
Nevers,1,0
Marseille,1,0
Malopolska,1,0
Coin,1,0
soldi,1,0
dinero,1,0
grosze,1,0
Winterthur,1,0
Lyon,1,0
Viszontlátásra,1,0
Tekus,1,0
Robert,1,1
Radan,1,1
Rupert,1,1
Achjo,1,0
Zito,1,0
hinlegen,1,1
Oswald,1,0
Guar,1,0
Vejmolas,1,0
Lapis,1,1
lazuli,1,1
pigment,1,1
Vertrauen,1,1
Fähigkeiten,1,1
sollen,1,1
Erwin,1,1
Klemmer,1,1
Kraft,1,0
Kada,1,0
baayinav,1,0
Hochmut,1,0
nemt,1,0
bisl,1,0
tsayt,1,0
durkhshloygn,1,0
hobn,1,0
baran,1,0
yingele,1,0
Zorg,1,0
zikh,1,0
eyleykho,1,0
evtokh,1,0
gehat,1,0
moyres,1,0
soymekh,1,0
kenen,1,0
shmuesn,1,0
vegn,1,0
oyfn,1,0
emetser,1,0
hilfn,1,0
Ha-shem,1,0
unts,1,0
haytn,1,0
geshtroft,1,0
ba-avonouseynu,1,0
ha-rabim,1,0
Andersh,1,0
voltn,1,0
shtot,1,0
antrinen,1,0
dayn,1,0
Vestu,1,0
tsurikgeyn,1,0
Nisht,1,0
Bistu,1,0
ernst,1,0
Nokh,1,0
aykh,1,0
zikherkayt,1,0
bagleytn,1,0
Efsher,1,1
ober,1,1
zayn,1,1
ruiker,1,1
visndik,1,1
Mame,1,1
zaynen,1,1
zikher,1,1
Gleybstu,1,0
haltn,1,0
shtendik,1,0
muzn,1,0
oyfhaltn,1,0
lang,1,0
meglekh,1,0
hostu,1,0
shoyn,1,0
azoy,1,0
gezogt,1,0
shver,1,0
Tehe,1,0
nafsho,1,0
tsruro,1,0
bitsroyr,1,0
ha-khayem,1,0
shlog,1,0
Gornisht,1,0
karno,1,1
schlaff,1,0
tsholent,1,0
Adonai,1,1
sholem,1,0
rabbi,1,1
Trombenik,1,0
bruder,1,0
echmechm,1,0
nobilissimo,1,0
kaphatsz,1,1
Tűnés,1,1
Világos,1,0
feladom,1,1
Vége,1,1
csatának,1,1
Leszállok,1,1
kérsz,1,1
argentum,1,0
beschweren,1,1
spreche,1,0
ordentlich,1,0
schmutziges,1,0
schöne,1,0
Dirnen,1,0
Alkohol,1,0
Reichtum,1,0
kinderlos,1,0
Meinung,1,1
geändert,1,1
heiß,1,0
Reinlichkeit,1,1
Frömmigkeit,1,1
Ruhe,1,0
Neid,1,1
platzen,1,1
edles,1,0
Meisterstück,1,1
Bäckerei,1,1
Matylda,1,0
alarm,1,0
sheynen,1,0
Gottes,1,0
tutti,1,1
hanno,1,1
accordo,1,1
Dilinyi,1,0
unterrichte,1,0
Vernünftig,1,1
vernünftig,1,1
gelöst,1,1
verrückter,1,1
Ainsi,1,0
destin,1,0
geredet,1,0
Lektion,1,0
Überraschung,1,1
Vermögen,1,0
Vegib,1,0
etwa,1,0
Heidelberg,1,0
pharmaciae,1,0
Znaim,1,0
golyóira,1,0
Végezz,1,0
majdnem,1,0
anyád,1,1
Tötet,1,1
Gebrüll,1,0
Schwertkämpfer,1,1
Segítsetek,1,0
Segítség,1,0
Kéne,1,0
gone,1,0
Fayf,1,1
hört,1,1
Leave,1,0
sake,1,0
break,1,0
zavarod,1,1
álmomat,1,1
fiacskám,1,0
nemet,1,1
rábeszéllek,1,1
próba,1,1
csinálja,1,1
haja,1,1
mosollyal,1,1
beérném,1,1
mosoly,1,1
Mibe,1,1
kerülne,1,1
esküvőm,1,1
tervezgetem,1,1
Tönkre,1,1
tesz,1,1
férfiakra,1,1
kacsintgatsz,1,1
összeszedem,1,1
elviszlek,1,1
fürdőből,1,1
mehetek,1,1
egyszerűen,1,1
fizethetek,1,1
fürdésért,1,1
egészen,1,1
Rendszerint,1,1
kedvem,1,1
töltöm,1,1
asszonyi,1,1
állattal,1,1
ismerni,1,1
Bármit,1,1
megtennék,1,1
eljöhessek,1,1
hozzád,1,1
megölelhesselek,1,1
melleidre,1,1
hajthassam,1,1
valakid,1,1
Annyi,1,1
szívesen,1,1
megvívok,1,1
szívedért,1,1
Meglátod,1,1
szolgálni,1,1
Hopp,1,0
conspectu,1,0
veresh,1,0
hayoo,1,0
roka,1,0
Nimrod,1,0
Cherry,1,1
Jana,1,0
Elishka,1,0
body,1,0
skvělý,1,0
hrozný,1,0
trefa,1,1
Sice,1,1
vokraj,1,1
dalších,1,0
bodů,1,0
Pont,1,0
Repül,1,1
nyílvessző,1,1
repül,1,1
elrepül,1,1
valahova,1,1
mimo,1,0
erőltetem,1,1
Aspoň,1,0
neletělo,1,0
vedle,1,0
Kussoljatok,1,0
idegesítetek,1,0
Cvičná,1,0
rána,1,0
nepočítá,1,0
Další,1,0
dobru,1,0
Dneska,1,0
nějak,1,0
nejde,1,0
lövök,1,1
maga,1,1
úristen,1,1
szednem,1,1
várjunk,1,1
Eltaláltam,1,1
Hele,1,0
nebylo,1,0
Szépen,1,0
középen,1,0
trefil,1,0
vážně,1,0
közepére,1,1
céloztam,1,1
Krucinál,1,0
sbírat,1,0
bodu,1,0
behozni,1,1
Nebylo,1,0
Nevadí,1,0
příště,1,0
trefim,1,0
csatában,1,1
szívét,1,1
gyomrába,1,1
megy,1,1
menjen,1,1
střílel,1,0
szél,1,1
mehetett,1,1
Toljátok,1,1
balra,1,1
célt,1,1
talán,1,1
eltalálom,1,1
Přesnej,1,0
střed,1,0
mohlo,1,1
bejt,1,1
černýho,1,1
můžete,1,1
rovnou,1,1
vzád,1,1
Střed,1,1
közepét,1,1
Találd,1,0
nyerni,1,1
lítalo,1,1
pořád,1,1
csinálni,1,0
csoda,1,0
nyilak,1,1
félrehordanak,1,1
terče,1,1
jsou,1,1
nějaký,1,1
menší,1,1
célok,1,1
messzebb,1,1
lennének,1,1
Arréb,1,1
tettétek,1,1
céltáblát,1,1
ismerjétek,1,1
szarért,1,1
célozgatok,1,1
lőhetnék,1,1
vakon,1,1
Brrr,1,0
Umph,1,0
worum,1,1
Anyád,1,0
Akarsz-e,1,1
élni,1,1
filléreket,1,1
életet,1,1
Feladod,1,1
fizess,1,1
túróba,1,1
vagdallak,1,1
Szerencsés,1,1
Kuss,1,1
meghalsz,1,1
Mókás,1,1
ellopok,1,1
testedről,1,1
Rovna,1,1
paleh,1,1
dake,1,1
khatar,1,1
avľal,1,1
deus,1,0
contremisce,1,0
effuge,1,0
invocato,1,0
anobis,1,0
terribili,1,0
inferi,1,0
tremunt,1,0
Terribilis,1,0
sanctuario,1,0
magisteromnis,1,0
Amaro,1,0
ingo,1,0
igro,1,0
Grolle,1,0
Marian,1,0
Grolles,1,0
p-hral,1,0
volta,1,1
corre,1,1
cane,1,1
un'altra,1,1
lepre,1,1
Vlashim,1,0
Jehi,1,0
rotsn,1,0
milfoneykha,1,0
velohey,1,0
avouseynu,1,0
shetoulikheynu,1,0
le-sholem,1,0
Arrgh,1,0
Scheißsplitter,1,0
Dost,1,0
keců,1,0
doprdele,1,0
Flákání,1,0
schov,1,0
neděli,1,0
Flákni,1,0
hranou,1,0
Pěkně,1,0
kurzkampf,1,0
Krásná,1,0
čepeli,1,0
Mons,1,0
Cutnae,1,0
augusta,1,0
čekáš,1,0
zahřmí,1,0
Chlapy,1,1
naší,1,1
ulice,1,1
uměj,1,1
Nikdo,1,1
nemá,1,1
Joooo,1,1
snad,1,0
podělal,1,0
strachy,1,0
Let's,1,0
fencing,1,0
Pičo,1,0
porazil,1,0
Procpi,1,0
hrušku,1,0
ksichtu,1,0
tááááák,1,0
vožralej,1,0
Sláva,1,0
Kutný,1,0
Hoře,1,0
bude,1,0
budeme,1,0
čekat,1,0
padni,1,0
kouzlí,1,0
perkajst,1,0
svýho,1,0
starýho,1,0
biju,1,0
kumštýř,1,0
jinýho,1,1
ostatní,1,1
amatéři,1,1
jsme,1,1
viděli,1,1
Předveď,1,1
novýho,1,1
nemůžete,1,1
Dnešní,1,1
chlapi,1,1
fakt,1,1
nevydrží,1,1
Udělej,1,0
znova,1,0
Vidim,1,0
červenou,1,0
Vydrž,1,0
zvládneš,1,0
Vypadni,1,1
Chcem,1,1
souboj,1,1
Clip,1,0
hard,1,0
hoggers,1,0
Belohnung,1,0
Tell,1,0
invincibility,1,0
greater,1,0
enemy,1,0
numerical,1,0
úspěšný,1,0
stealthtakedown,1,0
Zagłoba,1,0
many,1,0
group,1,0
Angela,1,0
feats,1,0
performed,1,0
battle,1,0
geschäft,1,0
remaining,1,0
enemies,1,0
quarters,1,0
announced,1,0
announce,1,0
second,1,0
contender,1,0
react,1,0
name,1,0
congratulate,1,0
reward,1,0
Announcement,1,0
followed,1,1
leads,1,0
trigger,1,0
objective,1,0
optional,1,0
prize,1,0
nothing,1,0
dialogue,1,0
follow,1,0
General,1,0
during,1,0
winning,1,0
interim,1,0
introduction,1,0
previously,1,0
near,1,0
nearby,1,0
tough,1,0
announcing,1,0
disqualified,1,0
excited,1,0
crowd,1,0
murmuring,1,0
ambient,1,0
Strnad,1,0
Enemy,1,0
Brother-in,1,0
brother-in,1,0
arrested,1,0
surrendered,1,0
armed,1,0
wakes,1,0
unconsciousness,1,0
sleep,1,0
Appeal,1,0
ignored,1,0
Frisk,1,0
refused,1,0
general,1,0
delete,1,0
Bohushka,1,0
Stehen,1,1
bleiben,1,1
traurigen,1,0
Ritterfreund,1,0
Gedichten,1,1
gewinnt,1,1
Herz,1,1
leichter,1,1
Dulcia,1,0
novit,1,0
gustavit,1,0
amara,1,0
Remold,1,1
Dichter,1,1
Narren,1,1
wichtig,1,1
saßen,1,1
schlugen,1,1
Bein,1,1
Finten,1,0
dehne,1,0
Muskeln,1,0
traurige,1,0
fechten,1,0
Bayern,1,1
Onkel,1,1
Günther,1,1
Ohohoho,1,1
echter,1,0
Bravo,1,0
schlechte,1,1
falchion,1,0
hahahahahahahaha,1,1
verschwinden,1,0
werd,1,0
sterben,1,0
raus,1,1
leléptem,1,1
baszki,1,1
aufs,1,1
Töten,1,0
gondoltál,1,0
Letépem,1,0
Baszom,1,0
anyádat,1,0
beszoptam,1,0
Vérzek,1,0
harcolsz,1,1
fehérnép,1,1
lovam,1,1
széjjel,1,1
Megetetlek,1,0
kutyámmal,1,0
Lassú,1,0
rühes,1,0
Máris,1,1
Megmutatom,1,1
wurde,1,1
nötig,1,1
Fechters,1,1
messieurs,1,0
mercenaires,1,0
Cavalerie,1,0
Royale,1,0
Matoush,1,0
immerwere,1,0
geloben,1,0
Vaters,1,0
Sohnes,1,0
Geistes,1,0
bezahlen,1,1
Bentlik,1,0
melekh,1,1
ho-oylem,1,1
Ależ,1,1
takim,1,1
razie,1,1
zacny,1,1
gość,1,1
prawda,1,1
Patrz,1,0
jakie,1,0
skurwysyn,1,0
jaja,1,0
Pieprzyć,1,1
tego,1,1
skurwysyna,1,1
clan,1,1
yaghalo,1,1
Kriste,1,0
somnakooneya,1,1
Mishto,1,0
mishto,1,0
chey,1,0
chohahoono,1,1
Miri,1,1
romni,1,1
Ayso,1,0
barikano,1,0
Mamo,1,0
Sookervizta,1,0
tooke,1,0
peeski,1,0
maarel,1,0
patyiv,1,0
adadiyves,1,0
tsera,1,0
kumen,1,0
shnel,1,0
loyfn,1,0
Shnel,1,0
yidn,1,0
Loyft,1,0
alts,1,0
fargesn,1,0
rinen,1,0
pikeyekh,1,0
neyfesh,1,0
Trainieren,1,0
trainieren,1,0
starten,1,1
Lästige,1,1
beschäftigt,1,1
anfangen,1,1
Unschlüssige,1,1
Merre,1,0
csavarogtál,1,0
Sonne,1,0
Gehirn,1,0
verbrannt,1,0
Mielőtt,1,1
Napfsülze,1,0
Kacharaba,1,0
cos'è,1,1
porchetta,1,0
Loretz,1,0
Lesto,1,0
mangiare,1,0
lesto,1,0
lavorare,1,0
Ariccia,1,0
porketta,1,0
halbbrüder,1,0
Fiúk,1,1
Csomagoljatok,1,1
Hamarosan,1,1
indulunk,1,1
Őrizd,1,1
lóbaszók,1,0
Mozogjatok,1,1
barmok,1,1
Sötétedésig,1,1
érni,1,1
Ehhhh,1,0
Fritz,1,0
Groz,1,0
Borumlaca,1,0
Vincent,1,0
Přece,1,0
nezakopem,1,0
grošema,1,0
Samý,1,1
kraviny,1,1
sebe,1,1
bylo,1,1
trůn,1,1
vrátit,1,1
našeho,1,1
pravýho,1,1
krále,1,1
Zbabělá,1,1
liška,1,1
uherská,1,1
Určitě,1,1
přitáhnem,1,1
utekl,1,1
pardon,1,0
Over,1,0
fellah,1,0
Eeech,1,0
möge,1,1
Ihre,1,1
führen,1,1
Pofa,1,0
nőszemély,1,0
segíteni,1,0
mishpokhe,1,0
Csejte,1,0
Hare,1,0
Grrr,1,0
Ammenmärchen,1,0
Divish,1,0
Lenek,1,0
Eeeee,1,0
Lesztin,1,0
greift,1,0
Greift,1,0
schaffen,1,1
pained,1,1
groan,1,1
These,1,1
cramps,1,1
stop,1,1
Feels,1,1
burning,1,1
Hail,1,1
full,1,1
grace,1,1
They're,1,1
Water,1,1
Please,1,1
Cold,1,0
Misericordiosa,1,0
Vergine,1,0
Cosa,1,0
vuole,1,0
l'amor,1,0
lasci,1,0
pace,1,0
uomo,1,0
chieza,1,0
Capite,1,0
fatto,1,0
nulla,1,0
Frank,1,0
Samko,1,0
Bescheid,1,0
angreifen,1,0
heehee,1,0
leider,1,0
Mumm,1,0
weniger,1,1
Holtz,1,0
hahah,1,0
Varel,1,0
Svatopluk,1,0
Geldstück,1,0
Stanislav,1,0
Joerg,1,0
Bart,1,0
Christman,1,0
courage,1,1
Befehle,1,0
Wegzoll,1,0
imerwere,1,0
lesen,1,0
Geleitbrief,1,1
metal,1,0
Marosh,1,0
überrascht,1,0
Duel,1,0
Deshalb,1,0
enttäuschen,1,1
albinos,1,0
Emmerich,1,0
Scheinem,1,1
passt,1,1
Glezl,1,0
vayn,1,0
Bedienung,1,0
Schenkwirt,1,0
Fleisch,1,1
durchgebraten,1,1
Davon,1,1
hätt,1,1
Jeden,1,1
dasselbe,1,1
Scheynem,1,0
heißen,1,0
Fiat,1,1
Sicut,1,0
kamel,1,0
meriben,1,0
sapiens,1,0
pectore,1,0
habet,1,0
stultus,1,0
helyiek,1,1
félnek,1,1
tőletek,1,1
csinálok,1,1
Egyszer,1,1
próbálnod,1,1
Sigim,1,0
Barátok,1,0
Boooolond,1,0
Különben,1,1
folytatódna,1,1
tudok,1,0
Fenyegetés,1,0
Szörnyű,1,1
mondanak,1,1
rólatok,1,1
Tévedsz,1,1
beszélsz,1,1
csehül,1,1
Kizárt,1,0
barátok,1,1
egészségünkre,1,0
Tökmindegy,1,0
Megdugtad,1,1
kocsmában,1,1
menjünk,1,1
király,1,0
királyt,1,1
hányni,1,1
Egészségedre,1,0
szavamat,1,0
Magyarországról,1,1
Beszéled,1,0
nyelvünket,1,0
utolsót,1,1
kezelni,1,1
élet,1,1
Oleshna,1,0
diabła,1,0
pieprzyć,1,1
zasrańcu,1,1
Ippolito,1,0
Konarsko,1,0
Sieradz,1,0
Kurwa,1,0
desh,1,0
manusha,1,0
mille,1,0
fois,1,0
Pepa,1,0
Zich,1,0
Jiskra,1,0
Dollein,1,0
Tokaji,1,0
Tudsz,1,1
beszélni,1,1
csinálta,1,1
Jezebel,1,0
Sopliak,1,0
krpatý,1,0
Bibo,1,0
bibere,1,0
bibitum,1,0
Laxenburg,1,0
Znojmo,1,0
Leonard,1,0
Simon,1,0
Gegrüsset,1,1
Dich,1,1
Cellarius,1,1
Julian,1,1
Rheinriesling,1,0
aaagh,1,0
