occurrence_count,total_localization_keys,max_revised_score,min_revised_score,classification,direct_reference_candidate,English_display,English_reference,preserved_tokens,sample_localization_keys
4,4,18,17,likely_foreign_phrase,yes,"Mein Freund, Trunkenheit ist eine Sünde. Übertreibe es nicht!","!P Mein Freund, Trunkenheit ist eine Sünde. Übertreibe es nicht! || Mein Freund, Trunkenheit ist eine Sünde. Übertreibe es nicht!",Freund; Mein; Sünde; Trunkenheit; eine; nicht; Übertreibe,gree_pozdrav_m_mein_freun_Mx1F; gree_pozdrav_n_mein_freun_CF1i; gree_pozdrav_n_mein_freun_dt9W; gree_pozdrav_z_mein_freun_nNlA
2,2,18,18,likely_foreign_phrase,yes,"Grüß Gott! Was brauchst du, mein Freund?","!P Grüß Gott! Was du brauchst, mein Freund? || Grüß Gott! Was du brauchst, mein Freund?",Freund; Gott; Grüß; brauchst; mein,gree_pozdrav_m_gru_gott_w_GE69; gree_pozdrav_z_gru_gott_w_1JKA
2,2,18,17,likely_foreign_phrase,yes,"Grüß Gott, mein Herr!","Grüss Gott, mein Herr! || Grüß Gott, mein Herr!",Gott; Grüß; Herr; mein,pozd_uctivy_po_gru_gott_m_4JK4; pozd_uctivy_po_gru_gott_m_Zh06
2,2,18,17,likely_foreign_phrase,yes,"Grüß dich! Wie kann ich dir helfen, mein Freund?","!P Grüß dich! Wie kann ich dir helfen, mein Freund? || Grüß dich! Wie kann ich dir helfen, mein Freund?",Freund; Grüß; dich; helfen; kann; mein,gree_pozdrav_m_gru_dich_w_s5Oh; gree_pozdrav_z_gru_dich_w_oouZ
2,2,18,17,likely_foreign_phrase,yes,"Schlecht für dich, gut für mich, mein Freund.","Das nenne ich Pech! || Dein Pech, mein Glück, mein Freund.",Freund; Schlecht; dich; mein; mich,kost_kostky_he_das_nenne__P9e5; kost_kostky_he_dein_pech__HF0q
1,1,18,18,likely_foreign_phrase,yes,"Gott zum Gruße, mein Freund! Ulrich von Remold, ein Dichter und ein Pilger im Land der Narren.","Gott zum Gruße, mein Freund! Ulrich von Remold, ein dichter und ein Pilger im Land der Narren.",Dichter; Freund; Gott; Gruße; Land; Narren; Pilger; Remold; Ulrich; mein,ulri_event_tab_gott_zum_g_D7ro
1,1,18,18,likely_foreign_phrase,yes,"Grüß Gott! Was brauchen Sie, mein Herr?","!P Grüß Gott! Was du brauchst, mein Herr?",Gott; Grüß; Herr; brauchen; mein,gree_pozdrav_z_gru_gott_w_FxYm
1,1,18,18,likely_foreign_phrase,yes,"Grüß Gott! Was brauchst du, mein Herr?","Grüß Gott! Was du brauchst, mein Herr?",Gott; Grüß; Herr; brauchst; mein,gree_pozdrav_m_gru_gott_w_HOdz
1,1,18,18,likely_foreign_phrase,yes,"Möge Gott mit dir sein, mein Freund.","Gott möge Ihre Hand führen, mein Freund.",Freund; Gott; Möge; mein; sein,vrac_kradene_z_gott_moge__slhC
1,1,17,17,likely_foreign_phrase,yes,"Mein Gott, das ist nicht gut… And do you have any other lead?","Mein Gott, es ist nicht gut… And do you have any other lead?",Gott; Mein; nicht,odev_cechmistr_es_ist_nic_df7k
2,2,16,16,likely_foreign_phrase,yes,"Ausgezeichnet! Du hast ein gutes Geschäft gemacht, mein Freund! Bis bald!","Ausgezeichnet! Du gemacht ein gutes Geschäft, mein Freund! Bis bald!",Ausgezeichnet; Freund; Geschäft; bald; gemacht; gutes; hast; mein,rozl_obchodnic_ausgezeich_cgIJ; rozl_obchodnik_brillant_d_21ZX
2,2,16,16,likely_foreign_phrase,yes,"Ausgezeichnet! Du hast ein gutes Geschäft gemacht, mein Herr! Lebe wohl!","Ausgezeichnet! Du gemacht ein gutes Geschäft, mein Herr! Lebe wohl!",Ausgezeichnet; Geschäft; Herr; Lebe; gemacht; gutes; hast; mein; wohl,rozl_obchodnic_ausgezeich_EF9v; rozl_obchodnik_brillant_d_YEds
2,2,16,16,likely_foreign_phrase,yes,"Danke. Das war ein gutes Geschäft, mein Herr!","Danke. Das ist gutes Geschäft, mein Herr!",Danke; Geschäft; Herr; gutes; mein,rozl_obchodnic_danke_das__iWvg; rozl_obchodnik_danke_das__xzBu
2,2,16,16,likely_foreign_phrase,yes,"Dankeschön und gute Nacht, mein Herr.","!P Danke schön und gute Nacht, mein Herr.",Dankeschön; Herr; Nacht; gute; mein,muz__muz_prona_rad_sem_ti_e2J3; zena_zena_pron_rada_sem_t_HzBg
2,2,16,16,likely_foreign_phrase,yes,"Es ist eine Sünde, hier mit nacktem Hintern herumzulaufen, mein Freund!","!P Es ist eine Sünde, hier mit nacktem Arsch herumzulaufen, mein Freund! || Es ist eine Sünde, hier mit nacktem Arsch herumzulaufen, mein Freund!",Freund; Hintern; Sünde; eine; herumzulaufen; hier; mein; nacktem,gree_pozdrav_m_es_ist_ein_Yymn; gree_pozdrav_z_es_ist_ein_mw8y
2,2,16,16,likely_foreign_phrase,yes,"Mein Freund, ich wäre jetzt auch gerne betrunken.","!P Mein Freund, ich beneide dich total um deine Trunkenheit. || Mein Freund, ich beneide dich total um deine Trunkenheit.",Freund; Mein; auch; betrunken; gerne; jetzt; wäre,gree_pozdrav_m_mein_freun_NkqT; gree_pozdrav_z_mein_freun_XHAj
2,2,16,16,likely_foreign_phrase,yes,"Servus, mein Freund! Du bist betrunken, stimmt’s?","!P Servus, mein Freund! Du bist betrunken, nicht wahr? || Servus, mein Freund! Du bist betrunken, nicht wahr?",Freund; Servus; betrunken; bist; mein; stimmt’s,gree_pozdrav_m_servus_mei_EhCJ; gree_pozdrav_z_servus_mei_l2Vs
2,2,16,16,likely_foreign_phrase,yes,"Vielen Dank! Es war mir eine Freude, mit dir Geschäfte zu machen, mein Freund!","Vielen Dank! Es war mir eine Freude, mit Dir Geschäfte zu machen, mein Freund!",Dank; Freude; Freund; Geschäfte; Vielen; eine; machen; mein,rozl_obchodnic_vielen_dan_Jbzx; rozl_obchodnik_vielen_dan_zax4
2,2,16,16,likely_foreign_phrase,yes,"Vielen Dank! Es war mir eine Freude, mit dir Geschäfte zu machen, mein Herr!","Vielen Dank! Es war mir eine Freude, mit Dir Geschäfte zu machen, mein Herr!",Dank; Freude; Geschäfte; Herr; Vielen; eine; machen; mein,rozl_obchodnic_vielen_dan_pTFA; rozl_obchodnik_vielen_dan_QDLF
1,1,16,16,likely_foreign_phrase,yes,Aber… Herr Gott! I have no Geld. How much did I drink?,Aber… Herr Gott! I have no geld. How much have I drunk?,Aber; Geld; Gott; Herr,neme_udo_aus_t_aber__herr_EcqX
1,1,16,16,likely_foreign_phrase,yes,"Du hast deinen Kampf gegen die Nüchternheit gewonnen, mein Freund!","!P Du hast das Match gewonnen mit Nüchternheit, mein Freund!",Freund; Kampf; Nüchternheit; deinen; gegen; gewonnen; hast; mein,gree_pozdrav_n_du_hast_da_QPDG
1,1,16,16,likely_foreign_phrase,yes,"Ha … Warum bist du nackt, mein Freund?","!P Heh... Warum bist du nackt, mein Freund?",Freund; Warum; bist; mein; nackt,gree_pozdrav_z_heh_warum__432V
1,1,16,16,likely_foreign_phrase,yes,"He … Warum bist du nackt, mein Freund?","Heh... Warum bist du nackt, mein Freund?",Freund; Warum; bist; mein; nackt,gree_pozdrav_m_heh_warum__lGfp
1,1,16,16,likely_foreign_phrase,yes,"Ich werde es dir gerne erklären, mein Freund.","Ich werde es Ihnen gerne erklären, mein Freund.",Freund; erklären; gerne; mein; werde,eich_cechmistr_ich_werde__giKQ
1,1,16,16,likely_foreign_phrase,yes,"Mein Gott ... Du stinkst ziemlich, weißt du das, Heinrich?","!P Mein Gott... Du stinkst ziemlich, weißt du das, Heinrich?",Gott; Heinrich; Mein; stinkst; weißt; ziemlich,gree_pozdrav_n_mein_gott__6zln
1,1,16,16,likely_foreign_phrase,yes,"Mein Gott … Du siehst furchtbar aus, Mann!","!P Mein Gott... Du siehst furchtbar aus, Mann!",Gott; Mann; Mein; furchtbar; siehst,gree_pozdrav_n_mein_gott__pqL5
1,1,16,16,likely_foreign_phrase,yes,"Mein Gott … Du stinkst ganz schön. Weißt du das, Heinrich?","!P Mein Gott... Du stinkst ziemlich, weißt du das, Heinrich?",Gott; Heinrich; Mein; Weißt; ganz; schön; stinkst,gree_pozdrav_n_mein_gott__ZTEc
1,1,16,16,likely_foreign_phrase,yes,Mein Gott! Warum läufst du hier mit nacktem Hintern herum?!,"Mein Gott! Was tust du, hier mit einem nackten Hintern herumzulaufen?!",Gott; Hintern; Mein; Warum; herum; hier; läufst; nacktem,gree_pozdrav_m_mein_gott__Fipv
1,1,16,16,likely_foreign_phrase,yes,"Mein Gott, I can’t remember what it’s called now, but you go there from Maleshov towards Mesoles.","Mein Gott, I can’t remember what it’s called now, but you go there from Malešov towards Mezholezy.",Gott; Maleshov; Mein; Mesoles,s_kl_cechmistr_mein_gott__3nm3
1,1,16,16,likely_foreign_phrase,yes,"Mein Herr Peter, however, had to pay him a fat Lösegeld to leave us in peace.","!P Mein Herr Peter, however, had to pay him a fat Losegeld to leave us in peace.",Herr; Lösegeld; Mein; Peter,o_zi_hejtman_f_mein_herr__wucU
1,1,16,16,likely_foreign_phrase,yes,"Nich viel. Also nächstes mal wird es hoffentlich besser, mein Herr.","!P Nich viel. Also nächstes mal wird es hoffentlich besser, mein Herr.",Also; Herr; Nich; besser; hoffentlich; mein; nächstes; viel; wird,rozl_louceni_p_nich_viel__ILwf
1,1,16,16,likely_foreign_phrase,yes,"Scheisse, meine Frau…! Warte ab! My wife is far away in Tauber… bis… Tabr-heim… Tau-se… Gott verdammt! TAUBERBISCHOFSHEIM!",Aha… wait… mein frau… mein frau is all the way in Tauber… bis… Tabr-heim… Tau-se… SCHEISSE! TAUBERBISCHOFSHEIM!,Frau; Gott; Scheisse; TAUBERBISCHOFSHEIM; Tabr-heim; Tau-se; Tauber; Warte; meine; verdammt,neme_udo_aus_t_aha__ale_m_bzaK
1,1,16,16,likely_foreign_phrase,yes,Scheiße! Dafür werde ich dich umbringen!,!P Scheisse! Dafür werde ich dich umbringen!,Dafür; Scheiße; dich; umbringen; werde,opon_soldier_v_scheisse_d_bLaC
1,1,16,16,likely_foreign_phrase,yes,"Schön, dich zu sehen, Heinrich! Du hast getrunken, nicht wahr?","Schön Heinrich, schön! Du hast getrunken, nicht wahr?",Heinrich; Schön; dich; getrunken; hast; nicht; sehen; wahr,gree_pozdrav_m_grusse_hei_Q0J5
1,1,16,16,likely_foreign_phrase,yes,"Schönen Tag! Was willst du, mein Freund?","Schönen Tag, was willst du, mein Freund?",Freund; Schönen; mein; willst,gree_pozdrav_m_schonen_ta_jMPe
1,1,16,16,likely_foreign_phrase,yes,"Schönen Tag! Was willst du, mein Herr?","Schönen Tag, was willst du, mein Herr?",Herr; Schönen; mein; willst,gree_pozdrav_m_schonen_ta_4rR6
2,2,15,15,likely_foreign_phrase,yes,"Entschuldige, mein Freund …","Entschuldigung, mein Freund...",Entschuldige; Freund; mein,laze_lazebnice_entschuldi_1zgF; laze_lazebnice_entschuldi_idyy
2,2,15,15,likely_foreign_phrase,yes,"Gott sei mit Euch, mein Herr.","!P Gott sei mit dir, mein Herr.",Euch; Gott; Herr; mein,rozl_rozloucen_gott_sei_m_OlDe; rozl_rozloucen_gott_sei_m_UmNQ
2,2,15,15,likely_foreign_phrase,yes,"Grüß Gott, Freund!","!P Grüss Gott, Mann!",Freund; Gott; Grüß,gree_pozdrav_n_gruss_gott_O07K; horn_pozdrav_h_gruss_gott_kZMq
2,2,15,15,likely_foreign_phrase,yes,"Ja, natürlich mein Herr.","!P Ja, natürlich mein Herr.",Herr; mein; natürlich,muz__hospodsky_ja_naturli_tXxh; zena_hospodska_ja_naturli_M9br
2,2,15,15,likely_foreign_phrase,yes,"Sei gegrüßt, mein Herr.","!P Ich grüsse Sie, mein Herr.",Herr; gegrüßt; mein,priv_obchodnic_ich_grusse_Rplb; priv_obchodnik_ich_grusse_qguD
2,2,15,15,likely_foreign_phrase,yes,"Tschüss, mein Freund!","!P Tschuss, mein Freund!",Freund; Tschüss; mein,endi_rozloucen_tschuss_me_QbOF; endi_rozloucen_tschuss_me_voap
2,2,15,15,likely_foreign_phrase,yes,"Was möchtest du, mein Freund?","Was möchten Sie, mein Freund?",Freund; mein; möchtest,gree_obchodnic_was_mochte_U4AJ; gree_obchodnik_was_mochte_nAjn
2,2,15,15,likely_foreign_phrase,yes,"Was möchtest du, mein Herr?","Was möchten Sie, mein Herr?",Herr; mein; möchtest,gree_obchodnic_was_mochte_I2R2; gree_obchodnik_was_mochte_FHwN
2,2,15,15,likely_foreign_phrase,yes,"Was wünschst du, mein Freund?","Was wünscht du, mein Freund?",Freund; mein; wünschst,gree_obchodnic_was_wunsch_x0F1; gree_obchodnik_was_wunsch_1Vpa
1,1,15,15,likely_foreign_phrase,yes,"Entschuldigung, mein Freund, but you'd better talk about that with Herr von Morgenstern.","!P Entschuldigung, mein Freund, but you'd better talk about that with mein Herr von Morgenstern.",Entschuldigung; Freund; Herr; Morgenstern; mein,o_zi_hagen_tro_entschuldi_YoEJ
1,1,15,15,likely_foreign_phrase,yes,Herr Gott! I love… Kuttenberg!,Hergot! I love… Kuttenberg!,Gott; Herr; Kuttenberg,neme_udo_aus_t_hergot_mil_W9cG
1,1,15,15,likely_foreign_phrase,yes,"Hm, nicht schlecht ... nicht schlecht, mein Freund.","Hm, es ist nicht schlecht... nicht schlecht, mein Freund.",Freund; mein; nicht; schlecht,laze_lazebnice_hm_es_ist__2Q0t
1,1,15,15,likely_foreign_phrase,yes,"Mein Gott, Heinrich… What are you doing?","!P Mein Gott, Heinrich… What are you doing?",Gott; Heinrich; Mein,spol_utok_na_m_mein_gott__H7X0
1,1,15,15,likely_foreign_phrase,yes,"Mein Gott, ich kann nicht mehr.","!P Mein Gott, ich kann nicht mehr.",Gott; Mein; kann; mehr; nicht,reme_remeslnik_ich_kann_d_WP7p
1,1,15,15,likely_foreign_phrase,yes,"Mein Gott, wo ist es bloß?","Mein Gott, wo ist es?",Gott; Mein; bloß,hosp_hospodsky_mein_gott__gLQ3
1,1,15,15,likely_foreign_phrase,yes,"Oh, Scheiße, ich blute … das ist nicht gut.","!P Oh, Scheisse, ich blute... das ist nicht gut.",Scheiße; blute; nicht,reak_soldier_k_oh_scheiss_kNgV
1,1,15,15,likely_foreign_phrase,yes,"Oh, mein Gott … es ist vorbei.","!P Oh, mein Gott... es ist vorbei.",Gott; mein; vorbei,reak_soldier_k_oh_mein_go_SV0k
1,1,15,15,likely_foreign_phrase,yes,"Oh, mein Gott, Jungs …","!P Oh, mein Gott, Jungs...",Gott; Jungs; mein,utik_soldier_u_oh_mein_go_U921
1,1,15,15,likely_foreign_phrase,yes,"Und jetzt … Come try it out a few times, mein Freund.","!P Und jetzt... Come try it out a few times, mein Freunde.",Freund; jetzt; mein,comb_hejtman_f_a_ted_si_t_6sEe
1,1,15,15,likely_foreign_phrase,yes,"Was wünschst du, mein Herr?","Was wünscht du, mein Herr?",Herr; mein; wünschst,gree_obchodnik_was_wunsch_LXKv
1,1,15,15,likely_foreign_phrase,yes,"Well, that’s settled, auf Wiedersehen mein Freund.","Well, that’s settled, Auf Wiedersehen mein Freund.",Freund; Wiedersehen; mein,rozh_kupec_vel_tak_to_byc_GNwW
2,2,14,14,likely_foreign_phrase,yes,Auf Wiedersehen und einen guten Abend für dich!,!P Auf Wiedersehen und Guten Abend!,Abend; Wiedersehen; dich; einen; guten,endi_rozloucen_auf_wieder_jbrq; endi_rozloucen_auf_wieder_sj0d
2,2,14,14,likely_foreign_phrase,yes,Bis bald und einen guten Abend für dich!,!P Bis bald und Guten Abend!,Abend; bald; dich; einen; guten,endi_rozloucen_bis_bald_u_TkzD; endi_rozloucen_bis_bald_u_kcUz
2,2,14,14,likely_foreign_phrase,yes,"Ein Bad würde dir nicht schaden, du Schmutzfink!","!P Ein Bad würde dir nicht schaden, Schmutzer! || Ein Bad würde dir nicht schaden, Schmutzer!",Schmutzfink; nicht; schaden; würde,gree_pozdrav_m_ein_bad_wu_wECU; gree_pozdrav_z_ein_bad_wu_ruHk
2,2,14,14,likely_foreign_phrase,yes,"Gott sei mit dir, mein Herr!","!P Gott mit dir, Mein Herr!",Gott; Herr; mein,endi_rozloucen_gott_mit_d_aMhC; endi_rozloucen_gott_mit_d_ffjt
2,2,14,14,likely_foreign_phrase,yes,Grüß Gott! Was willst du denn nachts noch?,!P Grüß Gott! Was willst du nachts so? || Grüß Gott! Was willst du nachts so?,Gott; Grüß; denn; nachts; noch; willst,gree_pozdrav_m_gru_gott_w_a2kX; gree_pozdrav_z_gru_gott_w_k8Ur
2,2,14,14,likely_foreign_phrase,yes,Grüß dich! Was willst du denn nachts noch?,!P Grüß dich! Was willst du nachts so? || Grüß dich! Was willst du nachts so?,Grüß; denn; dich; nachts; noch; willst,gree_pozdrav_m_gru_dich_w_aXJ8; gree_pozdrav_z_gru_dich_w_Sxr5
2,2,14,13,likely_foreign_phrase,yes,Grüß dich! Wie kann ich dir helfen?,!P Grüß dich! Wie kann ich dir helfen? || Grüß dich! Wie kann ich dir helfen?,Grüß; dich; helfen; kann,gree_pozdrav_m_gru_dich_w_KvFt; gree_pozdrav_z_gru_dich_w_Qobd
2,2,14,14,likely_foreign_phrase,yes,"Ich hoffe, sie hängen dich nächstes Mal auf, du Mistkerl!","Ich hoffe, sie hängen dich das nächstemal, Bastard!",Mistkerl; dich; hoffe; hängen; nächstes,situ_situace_p_ich_hoffe__Ghog; situ_situace_p_ich_hoffe__K11w
2,2,14,14,likely_foreign_phrase,yes,Mein Gott …,!P Mein Gott... || Mein gott...,Gott; Mein,goss_gossip_na_mein_gott_wBag; prat_pratelsky_mein_gott_VcBF
2,2,14,14,likely_foreign_phrase,yes,Äh … Wasch dich! Du siehst schrecklich aus.,!P Eh... Wasch dich! Du siehst schrecklich aus.,Wasch; dich; schrecklich; siehst,gree_pozdrav_n_eh_wasch_d_89RQ; gree_pozdrav_z_eh_wasch_d_uq6G
1,1,14,14,likely_foreign_phrase,yes,"""...Insobald du mich besuchst vergangen seine Wanderslust sich nicht vom Flecke rühret.""",Sobald du mich besuchst vergangen seine Wanderslust sich nicht vom Flecke rühret,Flecke; Insobald; Wanderslust; besuchst; mich; nicht; rühret; seine; sich; vergangen,goss_gossip_na_mmmmmmmmmmm_Lw1W
1,1,14,14,likely_foreign_phrase,yes,"""...Könnt' ich jetzt schon eigentlich von deinem Bette freilich dich schützen vor Gespenstern.""",Könnt' ich jetzt schon eigentlich von deinem Bette freilich dich schützen vor Gespenstern,Bette; Gespenstern; Könnt; deinem; dich; eigentlich; freilich; jetzt; schon; schützen,goss_gossip_na_mmmmmm_agu7
1,1,14,14,likely_foreign_phrase,yes,Achtung! Ich kann nicht schießen!,!P Achtung! Ich kann nicht schießen!,Achtung; kann; nicht; schießen,neco_soldier_n_achtung_ic_vU03
1,1,14,14,likely_foreign_phrase,yes,And no hold back on decoration! Sword must shine like gold in sun. Mein Nachbar könnte vor Neid platzen!,!P And no hold back on decoration! Sword must shine like gold in sun. Mein Nachbar könnte vor Neid platzen!,Mein; Nachbar; Neid; könnte; platzen,slec_aktivita__a_nesetril_klG9
1,1,14,14,likely_foreign_phrase,yes,"Das ist nicht einfach, also... I have some Stoffe stolen. To have Geld to pay für Unterricht... lessons... bei Menhard.","That is not easy, so I stole some fabrics to get money to pay Menhard for lessons. Das ist nicht einfach, also... I have some Stoffe stolen. To have Geld to pay für Unterricht... lessons... bei Meinhard.",Geld; Menhard; Stoffe; Unterricht; also; einfach; nicht,arne_arne_nemec_to_nesnad_qY0U
1,1,14,14,likely_foreign_phrase,yes,"Du bist nicht der Erste, but I’ll tell you the same as the last one… Leck mich am Arsch!","Sie sind nicht der Erste, but I’ll tell you the same as the last one… Leck mich am Arsch damit!",Arsch; Erste; Leck; bist; mich; nicht,rozh_kupec_vel_tak_to_nej_47He
1,1,14,14,likely_foreign_phrase,yes,"Du hast den Kampf gegen die Nüchternheit wohl gewonnen, Freund!","!P Du hast das Match gewonnen mit Nüchternheit, mein Freund!",Freund; Kampf; Nüchternheit; gegen; gewonnen; hast; wohl,gree_pozdrav_n_du_hast_da_F1OR
1,1,14,14,likely_foreign_phrase,yes,"Eh, but Herr Otto spends more time in Prague than here, and Chamberlain Ulrich… Ach, lassen wir das.","!P Eh, but Herr Otto spends more time in Prague than here, and Chamberlain Ulrich… Das ist unnötig.",Herr; Otto; Ulrich; lassen,o_zi_kupec_tro_eh_jenze_v_p7M1
1,1,14,14,likely_foreign_phrase,yes,"Entschuldige, mein Freund… a master knows how to estimate his strength and condition.",A Master knows how to estimate his strength and condition and knows when to prepare for battle and when not.,Entschuldige; Freund; mein,spec_menhart_z_mistr_umi__gJGE
1,1,14,14,likely_foreign_phrase,yes,"Es ist vorbei, aber das ist nicht gut … Ich blute.","!P Es ist vorbei, aber das ist nicht gut... Ich blute.",aber; blute; nicht; vorbei,reak_soldier_k_es_ist_vor_L2xk
1,1,14,14,likely_foreign_phrase,yes,"Exakt! Ich auch nicht, also lange… Very long…","Exactly! Ich auch nicht, darum long…",Exakt; also; auch; lange; nicht,neme_udo_aus_t_no_prave_i_lB5y
1,1,14,14,likely_foreign_phrase,yes,"Ganz ruhig, mein Mädchen …","!P Beruhige dich Madchen, beruhige...",Ganz; Mädchen; mein; ruhig,hosp_hospodyne_beruhige_d_Wove
1,1,14,14,likely_foreign_phrase,yes,"Gott im Himmel! I have already told you… Aus Tuber, ah nein, Taube… Tauber… Bis… Hofissam.","Himmel, I told you already… Aus Tuber, ah nein, Taube… Tauber… Bis… Hofissam.",Gott; Himmel; Hofissam; Taube; Tauber; Tuber; nein,neme_udo_aus_t_himmel_sem_678G
1,1,14,14,likely_foreign_phrase,yes,Gott sei Dank! Hopefully nothing’s happened to him - or meinem Pferd!,Gott sei Dank! Hopefully nothing’s happened to him — or meinem Pferd!,Dank; Gott; Pferd; meinem,eldr_puskar_el_gott_sei_d_vLJo
1,1,14,14,likely_foreign_phrase,yes,"Gott sei mit dir, mein Herr.","!P Gott sei mit Euch, mein Herr.",Gott; Herr; mein,rozl_rozloucen_gott_sei_m_PXzA
1,1,14,14,likely_foreign_phrase,yes,"Gott, es wäre fast schiefgegangen.","!P Gott, es wäre fast schiefgegangen.",Gott; fast; schiefgegangen; wäre,reak_soldier_k_gott_es_wa_LDxy
1,1,14,14,mixed_or_ambiguous,yes,"Grüß Gott! Was brauchst du, Heinrich?","Grüß Gott! Was du brauchst, Heinrich?",Gott; Grüß; Heinrich; brauchst,gree_pozdrav_m_gru_gott_w_imjE
1,1,14,14,mixed_or_ambiguous,yes,"Grüß Gott! Was du brauchst, Heinrich?","!P Grüß Gott! Was du brauchst, Heinrich?",Gott; Grüß; Heinrich; brauchst,gree_pozdrav_z_gru_gott_w_3QeF
1,1,14,14,likely_foreign_phrase,yes,"Grüß Gott, Bruder Schmied!","Gruss Gott, Bruder Schmied!",Bruder; Gott; Grüß; Schmied,dlc2_pozdrav_c_gruss_gott_mHo6
1,1,14,14,mixed_or_ambiguous,yes,"Grüß Gott, Meister Heinrich!","Grüss Gott, Meister Heinrich!",Gott; Grüß; Heinrich; Meister,dlc2_pozdrav_m_gruss_gott_48YB
1,1,14,14,likely_foreign_phrase,yes,"Grüß Gott, gute Frau!","Gruss Gott, meine Herrin!",Frau; Gott; Grüß; gute,pozd_uctivy_po_gru_gott_m_ykpG
1,1,14,14,likely_foreign_phrase,yes,"Grüß Gott, meine Damen!","!P Grüss Gott, meine Damen!",Damen; Gott; Grüß; meine,pozd_pozdrav_n_gru_gott_m_9RUG
1,1,14,14,likely_foreign_phrase,yes,"Grüß Gott, meine Herrin!","!P Gruss Gott, meine Herrin!",Gott; Grüß; Herrin; meine,pozd_uctivy_po_gru_gott_m_f0Sp
1,1,14,14,likely_foreign_phrase,yes,Grüß dich … Aber du bist ja voller Blut!,Grüß dich... aber du bist voller Blut!,Aber; Blut; Grüß; bist; dich; voller,gree_pozdrav_m_gru_dich_a_qepG
1,1,14,14,likely_foreign_phrase,yes,Grüß dich … aber du bist ja voller Blut!,!P Grüß dich... aber du bist voller Blut!,Blut; Grüß; aber; bist; dich; voller,gree_pozdrav_z_gru_dich_a_pT7X
1,1,14,14,likely_foreign_phrase,yes,"Gut, gut, es ist nicht wichtig, doch wir saßen auf einem Stein, und schlugen ein Bein über das andre Bein …","Gut, gut, es ist nicht wichtig, doch Wir saß auf einem Felsenstein, und schlug ein Bein über das andre Bein...",Bein; Stein; andre; doch; einem; nicht; saßen; schlugen; wichtig; über,ulri_event_tab_gut_gut_es_bBId
1,1,14,14,likely_foreign_phrase,yes,"Guten Tag, Pilger! Geht hier nicht weiter, die Straßen sind schlecht und gefährlich.","Guten Tag, Pilger! Hör auf hier, die Straßen sind schlecht und gefährlich.",Geht; Guten; Pilger; Straßen; gefährlich; hier; nicht; schlecht; sind; weiter,chat_event_tab_guten_tag__qFbf
1,1,14,14,likely_foreign_phrase,yes,Herr Gott? Hmm… I see some German words have caught on in Italy.,!P Mein Gott? Hmm… I see some German words have caught on in Italy.,Gott; Herr,dial_musa_z_ma_hergot_hm__6K65
1,1,14,14,likely_foreign_phrase,yes,"I am Udo… from Taubisch… nein, Tauberhofs… heim… Scheisse! Aus TAUBER… BISCHOFS… HEIM!",I'm… Udo… from Tabehoeim… no. Taube… heim… no… Taubshohim… fuck… TAUBERBISCHOFSHEIM!,BISCHOFS; HEIM; Scheisse; TAUBER; Tauberhofs; Taubisch; heim; nein,neme_udo_aus_t_ja_sem__ud_b1PU
1,1,14,14,likely_foreign_phrase,yes,Ich hätte mein Fleisch gern durchgebraten!,Ich hätte mein Fleisch gern durch!,Fleisch; durchgebraten; gern; hätte; mein,zaka_zakaznik__ich_hatte__O5hP
1,1,14,14,likely_foreign_phrase,yes,"Ich weiß nicht, worum es geht, but I hear it has something to do with their traditional archery competition.","... Ich weiß nicht, was los ist, but I hear it has something to do with their traditional archery competition.",geht; nicht; weiß; worum,svat_quest_tip_nevim_o_co_4WOi
1,1,14,14,likely_foreign_phrase,yes,It is eine Schande when outlaws have better weapons than the city garrison! And Herr König surely knows this too!,"!P It is ein Schande, when outlaws have better weapons than the city garrison! And Herr König also knows of this too!",Herr; König; Schande; eine,pusk_puskar_el_je_to_ostu_tmGi
1,1,14,14,mixed_or_ambiguous,yes,"Ja, das kann man wohl sagen. Herr von Bergow should do something about it at last…","!P Ja, das ist ein schwieriger Fall. Herr von Bergow should finally do something about it…",Bergow; Herr; kann; sagen; wohl,o_zi_kupec_tro_ja_das_ist_DjPk
1,1,14,14,likely_foreign_phrase,yes,"Ja, ja, das ist eine schwere Zeit. Zoll, Gebühren, Schmiergelder, dieses Land ist beschissen, aber das kann man nicht verstehen.","Ja, ja, das ist eine schwere Zeit. Pflichten, Gebühren, Schmiergelder, dieses Land ist beschissen, aber das kann man nicht verstehen.",Gebühren; Land; Schmiergelder; Zeit; Zoll; aber; beschissen; dieses; eine; kann; nicht; schwere; verstehen,lore_event_tab_ja_ja_das__EplN
1,1,14,14,likely_foreign_phrase,yes,"Komm schon, du kannst es nicht ändern.","!P Komm schon, du kannst es nicht ändern.",Komm; kannst; nicht; schon; ändern,prat_pratelsky_komm_schon_f5a1
1,1,14,14,likely_foreign_phrase,yes,Mein Gott…,Mein Gott...,Gott; Mein,kost_kostky_pa_mein_gott_y4Ci
1,1,14,14,likely_foreign_phrase,yes,"Meine Truppe ist nicht groß, but for your purposes I think it will suffice.","!P Meine Gesellschaft ist nicht groß, but for your purposes I think it will suffice.",Meine; Truppe; groß; nicht,o_zi_urso_von__moje_kumpa_1PtK
1,1,14,14,likely_foreign_phrase,yes,"Natürlich, warum auch nicht. Go ahead and look around, so you know what awaits you, junger Mann.","Natürlich, warum auch nicht. Go ahead and look around, so you know what awaits you, junge Mann.",Mann; Natürlich; auch; junger; nicht; warum,rozh_kupec_vel_ale_jiste__9oTJ
1,1,14,14,likely_foreign_phrase,yes,"Natürlich, warum auch nicht? Nobody's a saint, right?","Natürlich und warum nicht? Nobody's a saint, right?",Natürlich; auch; nicht; warum,opti_hospodsky_naturlich__9pPp
1,1,14,14,likely_foreign_phrase,yes,"Nein, das wird nicht passieren …","!P Nein, das wird nicht passieren...",Nein; nicht; passieren; wird,utik_soldier_u_nein_das_w_fq6Z
1,1,14,14,likely_foreign_phrase,yes,"Nun, sonst wäre ich ja nicht hier. What would you like?","!P Nun, sonst ware ich nicht hier. What would you like?",hier; nicht; sonst; wäre,o_zi_mistr_fab_nun_sonst__0syU
1,1,14,14,likely_foreign_phrase,yes,"Oh… Mein Gott, is this really all the documents?","Ech… Mein Gott, is this really all the documents?",Gott; Mein,mist_cechmistr_mein_gott__uIot
1,1,14,14,mixed_or_ambiguous,yes,"Pah… because even though they are certainly deserters, they still wear Hungarian colours and the people here are scared to death of Sigismund... und weiß Gott zu Recht!","!P Pah… because even though they are certainly deserters, they still wear Hungarian colours and the people here are scared to death of Sigismund... und weiß Gott zu Recht!",Gott; Recht; Sigismund; weiß,s_ho_hospodsky_protoze_se_37sC
1,1,14,14,likely_foreign_phrase,yes,Sancta Petronilla? Hmm… Weiß nicht.,!P Sancta Petronilla? Hmm… Weiss nicht.,Petronilla; Sancta; Weiß; nicht,rudo_rudokupec_sancta_pet_ehIs
1,1,14,14,likely_foreign_phrase,yes,Scheiße! Das Biest hat mich gebissen!,!P Scheisse! Die Bestie hat mich gebissen!,Biest; Scheiße; gebissen; mich,nepr_soldier_n_scheisse_d_KaAf
1,1,14,14,likely_foreign_phrase,yes,"Schön dich zu sehen, meine Dame!","!P Schon dich zu sehen, meine Damen!",Dame; Schön; dich; meine; sehen,pozd_pozdrav_n_schon_dich_hWyv
1,1,14,14,likely_foreign_phrase,yes,Servus … Habe dich schon von Weitem gerochen!,!P Servus... und ich fühle dich auch!,Habe; Servus; Weitem; dich; gerochen; schon,gree_pozdrav_n_servus_und_d5dJ
1,1,14,14,likely_foreign_phrase,yes,What did I do to anyone?! Mein Gott…,!P What did I do to anyone?! Mein Gott…,Gott; Mein,npc__npc_cilen_co_sem_kom_0XJq
1,1,14,14,likely_foreign_phrase,yes,Why's this unlocked! Mein Gott…,!P Why's this unlocked! Mein Gott…,Gott; Mein,npc__npc_vidi__proc_je_od_KJxo
1,1,14,14,mixed_or_ambiguous,yes,"Zum Glück nicht, junger Mann. I am the only merchant here around Trosky.","!P Zum Glück nicht, junger Mann. I am the only merchant here below Trosky.",Glück; Mann; Trosky; junger; nicht,o_zi_kupec_tro_zum_gluck__vIiW
1,1,14,14,likely_foreign_phrase,yes,Äh … Mein Gott?,!P Eh... Mein Gott?,Gott; Mein,gree_pozdrav_n_eh_mein_go_nBA6
2,2,13,13,mixed_or_ambiguous,yes,"Grüß Gott, Heinrich!","!P Grüss Gott, Heinrich!",Gott; Grüß; Heinrich,gree_pozdrav_n_gruss_gott_STTM; gree_pozdrav_n_gruss_gott_uNzk
2,2,13,13,likely_foreign_phrase,yes,"Hmm … Aber ja, warum nicht?","!P Hmm... Aber ja, warum nicht?",Aber; nicht; warum,comb_hejtman_f_hm_ale_jo__hfqM; comb_hejtman_s_hm_ale_jo__odQd
1,1,13,13,likely_foreign_phrase,yes,Das hat überhaupt nicht geklappt!,!P Das hat überhaupt nicht geklappt!,geklappt; nicht; überhaupt,blac_cechmistr_to_se_teda_5bwa
1,1,13,13,likely_foreign_phrase,yes,Das würde ich nicht wagen!,Ich würde es nicht wagen!,nicht; wagen; würde,goss_situace_z_ich_wurde__3WDa
1,1,13,13,likely_foreign_phrase,yes,Gott zum Gruße! Was willst du von mir?,!P Grüss Gott! Was willst du von mir?,Gott; Gruße; willst,gree_pozdrav_n_gruss_gott_2pj0
1,1,13,13,likely_foreign_phrase,yes,Grüß Gott! Was brauchst du?,Grüß Gott! Was du brauchst?,Gott; Grüß; brauchst,gree_pozdrav_m_gru_gott_w_cqFd
1,1,13,13,likely_foreign_phrase,yes,Grüß Gott! Was willst du?,Grüss Gott! Was willst du?,Gott; Grüß; willst,gree_pozdrav_m_willkommen_KJnB
1,1,13,13,likely_foreign_phrase,yes,Grüß dich! Was wünschst du?,Grüss dich! Was wünschst du?,Grüß; dich; wünschst,gree_pozdrav_m_gru_dich_w_jk1D
1,1,13,13,likely_foreign_phrase,yes,Ich weiß nicht. He went crawling to the Rathaus today to beg for a pardon. We'll see.,Ich weiss nicht. Today he went crawling to the Rathaus to beg for a pardon. We'll see.,Rathaus; nicht; weiß,goss_gossip_ob_ich_weiss__VKfz
1,1,13,13,likely_foreign_phrase,yes,Möge Gott mit dir sein.,!P Gott mit dir.,Gott; Möge; sein,endi_rozloucen_gott_mit_d_pQiV
1,1,13,13,likely_foreign_phrase,yes,"Nein, hast du nicht! The place was a pig sty, bones on the floor, apple core under the table…","!P Nein, sicher nicht. The place was a pig sty, bones on the floor, apple core under the table…",Nein; hast; nicht,goss_gossip_sp_neuklidil__cDL5
2,2,17,17,likely_foreign_phrase,no,"Schön dich zu sehen, mein Freund!","Schön dich zu sehen, mein Freund!",Freund; Schön; dich; mein; sehen,pozd_pozdrav_n_schon_dich_51zb; pozd_pozdrav_n_schon_dich_jmpr
1,1,17,17,likely_foreign_phrase,no,"!P Grüß dich! Wie kann ich dir helfen, mein Herr?","!P Grüß dich! Wie kann ich dir helfen, mein Herr?",Grüß; Herr; dich; helfen; kann; mein,gree_pozdrav_z_gru_dich_w_scax
1,1,17,17,likely_foreign_phrase,no,"Grüß dich! Wie kann ich dir helfen, mein Herr?","Grüß dich! Wie kann ich dir helfen, mein Herr?",Grüß; Herr; dich; helfen; kann; mein,gree_pozdrav_m_gru_dich_w_E1vx
1,1,17,17,likely_foreign_phrase,no,"Vielen Dank. Gott möge Ihre Hand führen, mein Freund.","Vielen Dank. Gott möge Ihre Hand führen, mein Freund.",Dank; Freund; Gott; Hand; Ihre; Vielen; führen; mein; möge,vrac_kradene_z_gott_moge__SOhH
2,2,15,15,likely_foreign_phrase,no,!P Mein Gott! Womit belästigst du mich?,!P Mein Gott! Womit belästigst du mich?,Gott; Mein; Womit; belästigst; mich,gree_pozdrav_n_mein_gott__JSU5; gree_pozdrav_n_mein_gott__fs7H
2,2,15,15,likely_foreign_phrase,no,"!P Mein Gott... Du stinkst ziemlich, weißt du das?","!P Mein Gott... Du stinkst ziemlich, weißt du das?",Gott; Mein; stinkst; weißt; ziemlich,gree_pozdrav_n_gruss_du_s_Jdkc; gree_pozdrav_n_mein_gott__fgHV
2,2,15,15,likely_foreign_phrase,no,"Danke und viel Glück für die Zukunft, mein Freund.","Danke und viel Glück für die Zukunft, mein Freund.",Danke; Freund; Glück; Zukunft; mein; viel,rozl_obchodnic_danke_und__TBcu; rozl_obchodnik_danke_und__UWAN
2,2,15,15,likely_foreign_phrase,no,"Danke und viel Glück für die Zukunft, mein Herr.","Danke und viel Glück für die Zukunft, mein Herr.",Danke; Glück; Herr; Zukunft; mein; viel,rozl_obchodnic_danke_und__kmLF; rozl_obchodnik_danke_und__3hA2
2,2,15,15,likely_foreign_phrase,no,"Gott segne dich, mein Freund!","Gott segne dich, mein Freund!",Freund; Gott; dich; mein; segne,pozd_pozdrav_n_gott_segne_L3JS; pozd_pozdrav_n_gott_segne_dfFz
2,2,15,15,likely_foreign_phrase,no,"Gott segne dich, mein Herr!","Gott segne dich, mein Herr!",Gott; Herr; dich; mein; segne,pozd_uctivy_po_gott_segne_WCSp; pozd_uctivy_po_gott_segne_ZYEh
1,1,15,15,likely_foreign_phrase,no,"!P Schönen Tag, was willst du, mein Freund?","!P Schönen Tag, was willst du, mein Freund?",Freund; Schönen; mein; willst,gree_pozdrav_z_schonen_ta_Kvm0
1,1,15,15,likely_foreign_phrase,no,"!P Schönen Tag, was willst du, mein Herr?","!P Schönen Tag, was willst du, mein Herr?",Herr; Schönen; mein; willst,gree_pozdrav_z_schonen_ta_JWHT
1,1,15,15,likely_foreign_phrase,no,"Bis bald, mein Freund! Gott segne dich.","Bis bald, mein Freund! Gott segne dich.",Freund; Gott; bald; dich; mein; segne,vyhe_dlc2_stre_bis_bald_m_JCkF
1,1,15,15,likely_foreign_phrase,no,"Na ja! You are right. Herr Gott, you must have been sehr Glücklich!","Na ja! You are right. Herr Gott, you must have been sehr Glücklich!",Glücklich; Gott; Herr; sehr,menh_menhart_z_na_ja_to_j_DOay
1,1,15,15,likely_foreign_phrase,no,"Vielen Dank, mein Freund! I knew you wouldn’t let me down, Henry!","Vielen Dank, mein Freund! I knew you wouldn’t let me down, Henry!",Dank; Freund; Henry; Vielen; mein,s_el_puskar_el_ja_vedel_z_ze1g
1,1,15,15,likely_foreign_phrase,no,Was? Ich verstehe dich überhaupt nicht. I not understand.,Was? Ich verstehe dich überhaupt nicht. I not understand.,dich; nicht; verstehe; überhaupt,lore_event_tab_was_ich_ve_zdSu
2,2,14,14,likely_foreign_phrase,no,"!P Mein Freund, ich beneide dich total um deine Trunkenheit.","!P Mein Freund, ich beneide dich total um deine Trunkenheit.",Freund; Mein; Trunkenheit; beneide; deine; dich; total,gree_pozdrav_n_mein_freun_KxnG; gree_pozdrav_n_mein_freun_nrPi
1,1,14,14,likely_foreign_phrase,no,"!P Gut, prächtig, mein Freund.","!P Gut, prächtig, mein Freund.",Freund; mein; prächtig,gree_pozdrav_z_gut_pracht_LYzL
1,1,14,14,likely_foreign_phrase,no,"Ah, listen, mein Freund… Boris could not tell you everything…","Ah, listen, mein Freund… Boris could not tell you everything…",Boris; Freund; mein,eich_cechmistr_podivej_se_OX2O
1,1,14,14,likely_foreign_phrase,no,"Mein Gott, es ist spät!","Mein Gott, es ist spät!",Gott; Mein; spät,zaka_zakaznik__mein_gott__DBlx
1,1,13,13,mixed_or_ambiguous,no,"!P Schön Heinrich, schön! Du hast getrunken, nicht wahr?","!P Schön Heinrich, schön! Du hast getrunken, nicht wahr?",Heinrich; Schön; getrunken; hast; nicht; schön; wahr,gree_pozdrav_z_schon_hein_taJT
1,1,13,13,likely_foreign_phrase,no,!P Servus... und ich fühle dich auch!,!P Servus... und ich fühle dich auch!,Servus; auch; dich; fühle,gree_pozdrav_z_servus_und_guyD
1,1,13,13,likely_foreign_phrase,no,Ezt nem tudtam... Nicht wissen! Bocsánat. I sorry. Békén hagyom.,Ezt nem tudtam... Nicht wissen! Bocsánat. I sorry. Békén hagyom.,Bocsánat; Békén; Nicht; hagyom; tudtam; wissen,dial_stalker_to_jsem_neve_hlLi
1,1,13,13,likely_foreign_phrase,no,"Schön, dich zu sehen, Gildenbruder!","Schön, dich zu sehen, Gildenbruder!",Gildenbruder; Schön; dich; sehen,dlc2_pozdrav_c_schon_dich_uPBk
1,1,13,13,likely_foreign_phrase,no,Servus... und ich fühle dich auch!,Servus... und ich fühle dich auch!,Servus; auch; dich; fühle,gree_pozdrav_m_servus_und_YMs9
1,1,13,13,likely_foreign_phrase,no,"Én, szerelmes. Ő hajadon. Nicht mann. Én erős. Ő szép. So schön...","Én, szerelmes. Ő hajadon. Nicht mann. Én erős. Ő szép. So schön...",Nicht; erős; hajadon; mann; schön; szerelmes; szép,dial_stalker_ja_laska_ona_dPF3
