sample_bucket,localization_key,source_score,discovery_reasons,signal_languages,strong_preserved_tokens,very_strong_content_ratio,strong_content_ratio,English_display,English_reference
TOP,stal_stalker_ty_ses_prost_MED0,244,dense_two_very_strong_preserved_tokens; signal_support,hungarian,egészen; más; vagy; rendszerint; csak; kedvem; töltöm; asszonyi; állattal; már; megyek; tovább; téged; meg; akarlak; ismerni; hát; nem; érted,1.000,1.000,"Te egészen más vagy. Rendszerint csak kedvem töltöm az asszonyi állattal és már megyek is tovább, de téged meg akarlak ismerni. Hát nem érted?","Te egészen más vagy. Rendszerint csak kedvem töltöm az asszonyi állattal és már megyek is tovább, de téged meg akarlak ismerni. Hát nem érted?"
TOP,ulri_event_tab_gut_gut_es_bBId,227,dense_two_very_strong_preserved_tokens; english_reference_differs; signal_support,german,gut; ist; nicht; wichtig; doch; wir; sassen; auf; einem; stein; und; schlugen; ein; bein; über; das; andre,1.000,1.000,"Gut, gut, es ist nicht wichtig, doch wir saßen auf einem Stein, und schlugen ein Bein über das andre Bein …","Gut, gut, es ist nicht wichtig, doch Wir saß auf einem Felsenstein, und schlug ein Bein über das andre Bein..."
TOP,goss_lapka_mlu_protoze_sm_OOZq,220,dense_two_very_strong_preserved_tokens; signal_support,hungarian,mert; mindig; büdös; vagy; tök; mindegy; hogy; mit; zabálsz; szerezz; valami; más; kaját; akkor; majd; jobb; lesz,1.000,1.000,"Mert te mindig büdös vagy, tök mindegy, hogy mit zabálsz. Szerezz valami más kaját és akkor majd jobb lesz.","Mert te mindig büdös vagy, tök mindegy, hogy mit zabálsz. Szerezz valami más kaját és akkor majd jobb lesz."
TOP,ulri_event_tab_du_weit_wi_VziM,217,dense_two_very_strong_preserved_tokens; english_reference_differs; signal_support,german; hungarian,weisst; wie; man; kämpft; doch; mit; gedichten; gewinnt; das; herz; einer; frau; leichter; als; einem; schwert,1.000,1.000,"Du weißt, wie man kämpft. Doch mit Gedichten gewinnt man das Herz einer Frau leichter als mit einem Schwert!",Du weißt wie man kämpf. Doch mit Gedichten gewinnt man das Herz einer Frau leichter als mit einem Schwert!
TOP,lore_event_tab_ja_ja_das__EplN,215,dense_two_very_strong_preserved_tokens; english_reference_differs; signal_support,german,das; ist; eine; schwere; zeit; zoll; gebühren; schmiergelder; dieses; land; beschissen; aber; kann; man; nicht; verstehen,1.000,1.000,"Ja, ja, das ist eine schwere Zeit. Zoll, Gebühren, Schmiergelder, dieses Land ist beschissen, aber das kann man nicht verstehen.","Ja, ja, das ist eine schwere Zeit. Pflichten, Gebühren, Schmiergelder, dieses Land ist beschissen, aber das kann man nicht verstehen."
TOP,goss_gossip_ha_drbu_se_s__mP5H,213,dense_two_very_strong_preserved_tokens; english_reference_differs,,use; scratch; arse; d'you; think; anyways; paid; three; times; more; than; last; year; mind; fucking; radge,1.000,1.000,"I use them to scratch my arse, what d'you think? Anyways, I paid three times more than last year, mind. Fucking radge!","I use them to scratch my arse, what d'you think? Anyway… I'll tell you, I paid three times more than last year."
TOP,goss_lapka_mlu_tak_ve_vod_DrV2,208,dense_two_very_strong_preserved_tokens; signal_support,hungarian,bokáig; érő; vízben; nem; lehet; megfulladni; meg; különben; nekünk; régen; volt; otthon; disznónk; amikor; kicsi; voltam,1.000,1.000,"Bokáig érő vízben nem lehet megfulladni. Meg különben is, nekünk régen volt otthon disznónk, amikor kicsi voltam.","Bokáig érő vízben nem lehet megfulladni. Meg különben is, nekünk régen volt otthon disznónk, amikor kicsi voltam."
TOP,ulri_event_tab_gott_zum_g_D7ro,198,dense_two_very_strong_preserved_tokens; signal_support,german,gott; zum; grusse; mein; freund; ulrich; von; remold; ein; dichter; und; pilger; land; der; narren,1.000,1.000,"Gott zum Gruße, mein Freund! Ulrich von Remold, ein Dichter und ein Pilger im Land der Narren.","Gott zum Gruße, mein Freund! Ulrich von Remold, ein dichter und ein Pilger im Land der Narren."
TOP,sam__rabin_ted_se_asi_puj_pNIk,198,dense_two_very_strong_preserved_tokens; signal_support,yiddish_hebrew,ha-shem; hot; nisht; unts; haytn; geshtroft; ba-avonouseynu; ha-rabim; andersh; voltn; mir; fun; dem; shtot; antrinen,1.000,1.000,"Ha-shem hot nisht unts haytn geshtroft, ba-avonouseynu ha-rabim. Andersh voltn mir nisht fun dem shtot antrinen.","Ha-shem hot nisht unts haytn geshtroft, ba-avonouseynu ha-rabim. Andersh voltn mir nisht fun dem shtot antrinen."
TOP,menh_menhart_z_ja_gutes_s_a2uP,198,dense_two_very_strong_preserved_tokens; signal_support,german,gutes; schwerdt; frei; bin; ich; und; liebe; dich; herzinnig; als; wärst; mir; getraut; eine; braut,1.000,1.000,"Ja gutes Schwerdt frei bin ich, und liebe dich herzinnig, als wärst du mir getraut, als eine liebe Braut.","Ja gutes Schwerdt frei bin ich, und liebe dich herzinnig, als wärst du mir getraut, als eine liebe Braut."
TOP,goss_uhersky_v_hele_ja_to_3VcO,197,dense_two_very_strong_preserved_tokens; signal_support,hungarian,van; adok; neki; még; egy; hónapot; nem; lesz; valami; kiadós; zsákmány; akkor; szarok; bele; egészbe,1.000,1.000,"Ez van, adok neki még egy hónapot, és ha nem lesz valami kiadós zsákmány, akkor szarok bele az egészbe.","Ez van, adok neki még egy hónapot, és ha nem lesz valami kiadós zsákmány, akkor szarok bele az egészbe."
TOP,goss_lapka_mlu_ja_za_to_n_Xsjk,197,dense_two_very_strong_preserved_tokens; signal_support,hungarian,hát; tehetek; róla; hogy; pont; egy; heringkereskedőt; evett; erre; fene; csak; nem; hagyjuk; kárba; veszni,1.000,1.000,"Hát én tehetek róla, hogy pont egy heringkereskedőt evett erre a fene? Csak nem hagyjuk kárba veszni!","Hát én tehetek róla, hogy pont egy heringkereskedőt evett erre a fene? Csak nem hagyjuk kárba veszni!"
TOP,goss_uhersky_v_nebud_blbe_F6X2,196,dense_two_very_strong_preserved_tokens,,don't; daft; think; talk; amongst; themselves; all; it'll; take; few; days; before; knows; everything; about,1.000,1.000,Don't be daft. You think they don't talk amongst themselves? All it'll take is a few days before she knows everything about me.,Don't be daft. You think they don't talk amongst themselves? All it'll take is a few days before she knows everything about me.
TOP,tara_taras_mura_humiliare_OcmR,196,dense_two_very_strong_preserved_tokens,,humiliare; sub; potenti; manu; dei; contremisce; effuge; invocato; anobis; sancto; terribili; nomine; quem; inferi; tremunt,1.000,1.000,"Humiliare sub potenti manu dei, contremisce et effuge,  invocato anobis sancto et terribili nomine, quem inferi tremunt.","Humiliare sub potenti manu dei, contremisce et effuge,  invocato anobis sancto et terribili nomine, quem inferi tremunt."
TOP,stal_stalker_urcite_nekoh_M0ja,194,dense_two_very_strong_preserved_tokens,,biztos; van; valakid; ugye; annyi; baj; legyen; szívesen; megvívok; vele; szívedért; meglátod; hogy; fogok; szolgálni,1.000,1.000,"Biztos van valakid, ugye? Annyi baj legyen, szívesen megvívok vele a szívedért. Meglátod, hogy rá fogok szolgálni.","Biztos van valakid, ugye? Annyi baj legyen, szívesen megvívok vele a szívedért. Meglátod, hogy rá fogok szolgálni."
TOP,sam__rabin_poradne_si_umy_Dcnq,194,dense_two_very_strong_preserved_tokens,,mir; kenen; shmuesn; vegn; dos; oyfn; veg; ober; koydem; gey; oyb; emetser; darf; noch; hilfn,1.000,1.000,Mir kenen shmuesn vegn dos oyfn veg. Ober koydem gey un ze oyb emetser darf noch hilfn.,Mir kenen shmuesn vegn dos oyfn veg. Ober koydem gey un ze oyb emetser darf noch hilfn.
TOP,dial_stalker_no_to_by_slo_kJdn,194,dense_two_very_strong_preserved_tokens,,erről; lehet; szó; akkor; meg; van; beszélve; békibe; hagyom; azt; nőszemélyt; érted; keine; frau; igen,1.000,1.000,"Na, erről lehet szó. Akkor meg van beszélve. Békibe hagyom azt a nőszemélyt, jó? Érted? Keine frau! Igen!","Na, erről lehet szó. Akkor meg van beszélve. Békibe hagyom azt a nőszemélyt, jó? Érted? Keine frau! Igen!"
TOP,ryti_dlc3_goss_copak_bene_0sLL,189,dense_two_very_strong_preserved_tokens; english_reference_differs,,just; benedict; even; zacharias; looked; like; wanted; bash; over; head; barely; ever; raises; voice,1.000,1.000,"Not just Benedict, but even Zacharias looked like he wanted to bash them over the head. And he barely ever even raises his voice.","Not just Benedict, but even Zachariah looked like he wanted to bash them over the head. And he barely ever even raises his voice."
TOP,bff__brabant_z_nejaka_fra_yIFb,189,dense_two_very_strong_preserved_tokens; english_reference_differs,,quel; putain; trou; comment; sommes-nous; arrivés; avec; une; telle; bande; crétins; que; dieu; protège,1.000,1.000,"Quel putain de trou! Comment en sommes-nous arrivés là, et avec une telle bande de crétins? Que Dieu me protège!","!P Quel putain de trou! Comment en sommes-nous arrivés là, et avec une telle bande de crétins? Que Dieu me protège!"
TOP,goss_uhersky_v_zasrane_je_UyXu,186,dense_two_very_strong_preserved_tokens; signal_support,hungarian,faszomba; hát; mondom; hogy; nincs; pénzem; menj; grozavhoz; vagy; chertanhoz; vedd; őket; fizessék; zsoldunkat,1.000,1.000,"A faszomba, hát mondom, hogy nincs pénzem. Menj el Grozavhoz vagy Chertanhoz, és vedd rá őket, hogy fizessék ki a zsoldunkat...","A faszomba, hát mondom, hogy nincs pénzem. Menj el Grozavhoz vagy Chertanhoz, és vedd rá őket, hogy fizessék ki a zsoldunkat..."
TOP,sam__pogrom_st_jasny_bro__UYa2,186,dense_two_very_strong_preserved_tokens; signal_support,german,dos; nemt; bisl; tsayt; biz; zey; durkhshloygn; ich; hof; nor; hobn; nisht; keyn; baran,1.000,1.000,"Dos nemt a bisl tsayt, biz zey durkhshloygn! Ich hof nor az zey hobn nisht keyn baran!","Dos nemt a bisl tsayt, biz zey durkhshloygn! Ich hof nor az zey hobn nisht keyn baran!"
TOP,goss_lapka_mlu_no_to_ceka_ors1,186,dense_two_very_strong_preserved_tokens; signal_support,hungarian,hát; pont; várakozás; bámulsz; fejedből; azon; görcsölsz; hogy; nem; téved-e; erre; egy; csapat; zsandár,1.000,1.000,"Hát pont ez az, a várakozás! Bámulsz ki a fejedből és azon görcsölsz, hogy nem téved-e erre egy csapat zsandár.","Hát pont ez az, a várakozás! Bámulsz ki a fejedből és azon görcsölsz, hogy nem téved-e erre egy csapat zsandár."
TOP,goss_gossip_hu_neprehanej_0eeQ,184,dense_two_very_strong_preserved_tokens,,don't; lay; thick; you've; got; long; way; before; hammer; tongs; maria; tavern; other; day,1.000,1.000,Don't lay it on so thick. You've got a long way to go before that. You were at it hammer and tongs with Maria in the tavern the other day…,Don't lay it on so thick. You've got a long way to go before that. You were at it hammer and tongs with Maria in the tavern the other day…
TOP,sam__rabin_nikdy_zadnymu__FD3t,184,dense_two_very_strong_preserved_tokens,,yom; iro; ani; eyleykho; evtokh; ven; ikh; hob; gehat; moyres; bin; soymekh; oyf; ha-shem,1.000,1.000,"Yom iro, ani eyleykho evtokh. Ven ikh hob gehat moyres, bin ikh soymekh oyf ha-shem.","Yom iro, ani eyleykho evtokh. Ven ikh hob gehat moyres, bin ikh soymekh oyf ha-shem."
TOP,goss_lapka_mlu_dyt_jen_se_eC19,183,dense_two_very_strong_preserved_tokens,,dehát; csak; itt; trónolsz; bozótban; várod; hogy; valami; balfasz; erre; kolbászoljon; ebben; olyan; fárasztó,1.000,1.000,"Dehát csak itt trónolsz a bozótban és várod, hogy valami balfasz erre kolbászoljon, ebben mi olyan fárasztó?","Dehát csak itt trónolsz a bozótban és várod, hogy valami balfasz erre kolbászoljon, ebben mi olyan fárasztó?"
TOP,goss_lapka_mlu_takze_mi_u_nuBN,183,dense_two_very_strong_preserved_tokens,,tegyél; meg; nekem; egy; szívességet; eridj; basszál; aludd; magad; rendesen; felejtsd; ezt; világvége; marhaságot,1.000,1.000,"Tegyél meg nekem egy szívességet! Eridj, basszál be, aludd ki magad rendesen és felejtsd el ezt a világvége marhaságot.","Tegyél meg nekem egy szívességet! Eridj, basszál be, aludd ki magad rendesen és felejtsd el ezt a világvége marhaságot."
TOP,goss_lapka_mlu_ale_ja_nic_G70P,183,dense_two_very_strong_preserved_tokens,,meg; hozzá; nyúltam; csak; álltam; ott; azon; agyaltam; hogy; vajon; aki; fátylat; varr; békáknak,1.000,1.000,"Én meg hozzá se nyúltam. Csak álltam ott, és azon agyaltam, hogy vajon ki az, aki fátylat varr a békáknak.","Én meg hozzá se nyúltam. Csak álltam ott, és azon agyaltam, hogy vajon ki az, aki fátylat varr a békáknak."
TOP,goss_gossip_na_mmmmmm_agu7,178,dense_two_very_strong_preserved_tokens; english_reference_differs; signal_support,german,könnt; ich; jetzt; schon; eigentlich; von; deinem; bette; freilich; dich; schützen; vor; gespenstern,1.000,1.000,"""...Könnt' ich jetzt schon eigentlich von deinem Bette freilich dich schützen vor Gespenstern.""",Könnt' ich jetzt schon eigentlich von deinem Bette freilich dich schützen vor Gespenstern
TOP,chat_event_tab_guten_tag__qFbf,178,dense_two_very_strong_preserved_tokens; english_reference_differs; signal_support,german,guten; tag; pilger; geht; hier; nicht; weiter; die; strassen; sind; schlecht; und; gefährlich,1.000,1.000,"Guten Tag, Pilger! Geht hier nicht weiter, die Straßen sind schlecht und gefährlich.","Guten Tag, Pilger! Hör auf hier, die Straßen sind schlecht und gefährlich."
TOP,goss_lapka_mlu_sel_sem_po_rYDJ,172,dense_two_very_strong_preserved_tokens,,erdőben; voltam; egyszerre; csak; gyönyörű; ének; üti; meg; fülemet; tisztára; mint; angyalok; kara,1.000,1.000,Az erdőben voltam és egyszerre csak gyönyörű ének üti meg a fülemet. Tisztára mint az angyalok kara.,Az erdőben voltam és egyszerre csak gyönyörű ének üti meg a fülemet. Tisztára mint az angyalok kara.
TOP,goss_lapka_mlu_no_pak_se__c7wE,172,dense_two_very_strong_preserved_tokens,,aztán; egyik; másik; után; elkezdtek; felfújódni; szétpukkantak; apám; egy; csomó; arany; szóródott; belőlük,1.000,1.000,"Aztán egyik a másik után elkezdtek felfújódni és szétpukkantak. És apám, egy csomó arany szóródott ki belőlük.","Aztán egyik a másik után elkezdtek felfújódni és szétpukkantak. És apám, egy csomó arany szóródott ki belőlük."
TOP,goss_uhersky_v_hele_mam_t_TO8b,172,dense_two_very_strong_preserved_tokens,,figyelj; van; egy; remek; ötletem; szedj; össze; néhány; cimborát; vívjunk; meg; pár; küzdelmet,1.000,1.000,"Figyelj, van egy remek ötletem. Szedj össze néhány cimborát és vívjunk meg egy pár küzdelmet.","Figyelj, van egy remek ötletem. Szedj össze néhány cimborát és vívjunk meg egy pár küzdelmet."
TOP,goss_lapka_mlu_ja_mne_je__7e3N,171,dense_two_very_strong_preserved_tokens,,nekem; aztán; mindegy; adj; egy; kis; zabot; vagy; bármit; állandóan; döglött; halat; zabálok,1.000,1.000,"Én? Nekem aztán mindegy, adj egy kis zabot, vagy bármit. De ha állandóan döglött halat zabálok.","Én? Nekem aztán mindegy, adj egy kis zabot, vagy bármit. De ha állandóan döglött halat zabálok."
TOP,npc__nalezeny__zdalo_se_m_os4U,166,dense_two_very_strong_preserved_tokens; english_reference_differs; signal_support,hungarian,azt; hittem; van; ott; valami; nem; láttam; semmit; meg; kell; dupláznunt; őrséget,1.000,1.000,Azt hittem van ott valami. De nem láttam semmit. Meg kell dupláznunt az őrséget.,"I thought there was something strange going on, but I didn't find anything. We should double the guard anyway."
TOP,dial_vasko_menj_vele_muta_sk1b,165,dense_two_very_strong_preserved_tokens; english_reference_differs; signal_support,hungarian,menj; vele; mutasd; meg; neki; hogy; melyikük; aztán; majd; csak; lesz; valahogy,1.000,1.000,"Menj vele, és mutasd meg neki, hogy melyikük az! Aztán majd csak lesz valahogy.","Menj vele, mutasd meg neki, hogy ki ő, és valahogy majd kiderül!"
TOP,zabi_papezsky__pro_rany_b_4dxO,165,dense_two_very_strong_preserved_tokens; english_reference_differs,,per; l'amor; dio; lasci; pace; sono; uomo; chieza; capite; non; fatto; nulla,1.000,1.000,"Per l'amor di Dio, mi lasci in pace! Io sono un uomo di chieza! Capite? Io non ho fatto nulla!","!P Per l'amor di Dio, mi lasci in pace! Io sono un uomo di chieza! Capite? Io non ho fatto nulla!"
TOP,npc__npc_oznac_tak_snad_t_jQrM,165,dense_two_very_strong_preserved_tokens; english_reference_differs; signal_support,hungarian,remélem; senki; más; nem; ivott; abból; rohadt; borból; most; borra; lesz; szükségünk,1.000,1.000,"Remélem, senki más nem ivott abból a rohadt borból... Na most, új borra lesz szükségünk.","I just hope no one else drank the spoilt wine... Well, we're going to need some new wine."
TOP,rozl_obchodnic_vielen_dan_Jbzx,163,dense_two_very_strong_preserved_tokens; signal_support,german; hungarian,vielen; dank; war; mir; eine; freude; mit; dir; geschäfte; machen; mein; freund,1.000,1.000,"Vielen Dank! Es war mir eine Freude, mit dir Geschäfte zu machen, mein Freund!","Vielen Dank! Es war mir eine Freude, mit Dir Geschäfte zu machen, mein Freund!"
TOP,rozl_obchodnik_vielen_dan_zax4,163,dense_two_very_strong_preserved_tokens; signal_support,german; hungarian,vielen; dank; war; mir; eine; freude; mit; dir; geschäfte; machen; mein; freund,1.000,1.000,"Vielen Dank! Es war mir eine Freude, mit dir Geschäfte zu machen, mein Freund!","Vielen Dank! Es war mir eine Freude, mit Dir Geschäfte zu machen, mein Freund!"
TOP,rozl_obchodnic_vielen_dan_pTFA,163,dense_two_very_strong_preserved_tokens; signal_support,german; hungarian,vielen; dank; war; mir; eine; freude; mit; dir; geschäfte; machen; mein; herr,1.000,1.000,"Vielen Dank! Es war mir eine Freude, mit dir Geschäfte zu machen, mein Herr!","Vielen Dank! Es war mir eine Freude, mit Dir Geschäfte zu machen, mein Herr!"
TOP,rozl_obchodnik_vielen_dan_QDLF,163,dense_two_very_strong_preserved_tokens; signal_support,german; hungarian,vielen; dank; war; mir; eine; freude; mit; dir; geschäfte; machen; mein; herr,1.000,1.000,"Vielen Dank! Es war mir eine Freude, mit dir Geschäfte zu machen, mein Herr!","Vielen Dank! Es war mir eine Freude, mit Dir Geschäfte zu machen, mein Herr!"
TOP,goss_lapka_mlu_to_ses_cel_IK2E,160,dense_two_very_strong_preserved_tokens,,bazmeg; tisztára; vagy; ahelyett; hogy; begyűjtenéd; szajrét; csak; állsz; faszságokon; töröd; fejed,1.000,1.000,"Ez bazmeg tisztára te vagy. Ahelyett, hogy begyűjtenéd a szajrét, csak állsz és faszságokon töröd a fejed.","Ez bazmeg tisztára te vagy. Ahelyett, hogy begyűjtenéd a szajrét, csak állsz és faszságokon töröd a fejed."
TOP,sam__samuel_jeste_chvili__2197,160,dense_two_very_strong_preserved_tokens,,gleybstu; dos; ken; haltn; shtendik; mir; muzn; zey; oyfhaltn; far; lang; meglekh,1.000,1.000,"Gleybstu, az dos ken haltn shtendik? Mir muzn zey oyfhaltn! Far vi lang vi meglekh!","Gleybstu, az dos ken haltn shtendik? Mir muzn zey oyfhaltn! Far vi lang vi meglekh!"
TOP,goss_lapka_mlu_no_takovy__N22f,160,dense_two_very_strong_preserved_tokens,,hát; ilyen; dörgéseket; mintha; dörögne; aztán; meg; valaki; röhögne; valahol; ott; lent,1.000,1.000,"Hát ilyen dörgéseket, mintha az ég dörögne. Aztán meg, mintha valaki röhögne. Valahol, ott lent.","Hát ilyen dörgéseket, mintha az ég dörögne. Aztán meg, mintha valaki röhögne. Valahol, ott lent."
TOP,goss_lapka_mlu_jak_jsme_t_LxYw,160,dense_two_very_strong_preserved_tokens,,mint; amikor; lecsaptunk; azokra; bányászokra; mielőtt; begyűjthettük; volna; suskát; megjelent; rohadék; lovag,1.000,1.000,"Mint amikor lecsaptunk azokra a bányászokra, de mielőtt begyűjthettük volna a suskát, megjelent az a rohadék lovag.","Mint amikor lecsaptunk azokra a bányászokra, de mielőtt begyűjthettük volna a suskát, megjelent az a rohadék lovag."
TOP,goss_lapka_mlu_presne_a_t_Noxp,160,dense_two_very_strong_preserved_tokens,,ott; hallgattad; azt; őrült; prédikátort; aki; pokol; tüzéről; meg; kénköves; bugyrokról; hadovált,1.000,1.000,"Na, ez az! Ott hallgattad azt az őrült prédikátort, aki a pokol tüzéről meg a kénköves bugyrokról hadovált.","Na, ez az! Ott hallgattad azt az őrült prédikátort, aki a pokol tüzéről meg a kénköves bugyrokról hadovált."
TOP,goss_lapka_mlu_no_a_pak_s_YcmG,160,dense_two_very_strong_preserved_tokens,,odaérek; egy; ilyen; kis; tavacskához; hát; látom; hogy; fatuskón; béka; azok; énekelnek,1.000,1.000,"Odaérek egy ilyen kis tavacskához, hát látom, hogy egy fatuskón 13 béka ül és azok énekelnek.","Odaérek egy ilyen kis tavacskához, hát látom, hogy egy fatuskón 13 béka ül és azok énekelnek."
TOP,ryti_dlc3_goss_presne_ty__14IB,159,dense_two_very_strong_preserved_tokens,,exactly; diendebruder; karl; swordfight; only; seeing; they're; dumb; dumber; ended; cutting; eachother,1.000,1.000,"Exactly! Diendebruder Karl had them swordfight, only seeing as they're dumb and dumber, they ended up cutting eachother!","Exactly! Diendebruder Karl had them swordfight, only seeing as they're dumb and dumber, they ended up cutting eachother!"
TOP,goss_gossip_ha_asi_mam_pr_107z,159,dense_two_very_strong_preserved_tokens; english_reference_differs,,ken; i've; got; tougher; cavil; than; they're; going; hewing; new; drifts; again,1.000,1.000,I ken why that is. I've got a tougher cavil than you. And they're going to be hewing new drifts again.,It's obvious why. I'm hewing harder rock than you. They should start cutting new drifts again.
TOP,stal_stalker_nici_me_kdyz_wIgX,158,dense_two_very_strong_preserved_tokens,,tönkre; tesz; más; férfiakra; kacsintgatsz; tudod; összeszedem; pénzt; elviszlek; ebből; átkozott; fürdőből,1.000,1.000,"Tönkre tesz, ha más férfiakra kacsintgatsz, tudod? De összeszedem a pénzt és elviszlek ebből az átkozott fürdőből.","Tönkre tesz, ha más férfiakra kacsintgatsz, tudod? De összeszedem a pénzt és elviszlek ebből az átkozott fürdőből."
MIDDLE,turn_kutnohors_krasna_pra_clz4,51,dense_two_very_strong_preserved_tokens,,krásná; práce; čepeli,1.000,1.000,Krásná práce na čepeli!,
MIDDLE,brab_henry_hai_due_stelle_d7dL,51,dense_two_very_strong_preserved_tokens,,tua; bellezza; abbaglia,0.500,0.500,La tua bellezza… mi abbaglia. That could work. Thanks!,La tua bellezza… mi abbaglia. That could work. Thanks!
MIDDLE,gree_pozdrav_z_las_mich_c_oPkC,51,dense_two_very_strong_preserved_tokens,,las; mich; chazer,1.000,1.000,"Las mich, Chazer!",
MIDDLE,pozd_npc_zdrav_lob_sei_go_SVY8,51,dense_two_very_strong_preserved_tokens,,lob; sei; gott,1.000,1.000,Lob sei Gott!,Lob sei Gott!
MIDDLE,zjed_npc_zdrav_lob_sei_go_uCc0,51,dense_two_very_strong_preserved_tokens,,lob; sei; gott,1.000,1.000,Lob sei Gott!,Lob sei Gott!
MIDDLE,udav_psani_dop_markoltovi_vvpl,51,dense_two_very_strong_preserved_tokens; english_reference_differs,,markold; wie; interessant,0.500,0.750,Markold of Louny? Wie interessant.,!P Markold of Louny? Es ist interessant.
MIDDLE,idle_kuman_mlu_kurva_to_t_Wcbu,51,dense_two_very_strong_preserved_tokens,,meg; fogod; bánni,1.000,1.000,Meg fogod bánni!,Meg fogod bánni!
MIDDLE,s_kl_cechmistr_mein_gott__3nm3,51,signal_supported_two_token_preservation; english_reference_differs; signal_support,german,mein; gott; mesoles,0.200,0.300,"Mein Gott, I can’t remember what it’s called now, but you go there from Maleshov towards Mesoles.","Mein Gott, I can’t remember what it’s called now, but you go there from Malešov towards Mezholezy."
MIDDLE,stre_strelnice_co_to_se_m_jq48,51,dense_two_very_strong_preserved_tokens,,fasz; van; velem,1.000,1.000,Mi a fasz van velem ma?,Mi a fasz van velem ma?
MIDDLE,prat_pratelsky_co_tady_de_EAoc,51,dense_two_very_strong_preserved_tokens,,faszt; keres; itt,1.000,1.000,Mi a faszt keres itt?,Mi a faszt keres itt?
MIDDLE,prat_pratelsky_proc_sem_k_Gooi,51,dense_two_very_strong_preserved_tokens,,faszért; jön; ide,1.000,1.000,Mi a faszért jön ide?!,Mi a faszért jön ide?!
MIDDLE,dost_kuman_dos_coze_kurva_TS0p,51,dense_two_very_strong_preserved_tokens,,van; bassza; meg,1.000,1.000,Mi van? Bassza meg!,Mi van? Bassza meg!
MIDDLE,znic_znicila_s_sakra_PlxP,51,dense_two_very_strong_preserved_tokens,,micsoda; egy; fos,1.000,1.000,Micsoda egy fos!,Micsoda egy fos!
MIDDLE,kuma_kuman_vol_vsichni_ke_KuZf,51,dense_two_very_strong_preserved_tokens,,mindenki; hozzám; támadó,1.000,1.000,Mindenki hozzám! Támadó!,Mindenki hozzám! Támadó!
MIDDLE,dark_event_tab_mire_akars_0j2b,51,dense_two_very_strong_preserved_tokens,,mire; akarsz; kilyukadni,1.000,1.000,Mire akarsz kilyukadni?,Mire akarsz kilyukadni?
MIDDLE,dark_event_tab_mire_akars_zhts,51,dense_two_very_strong_preserved_tokens,,mire; akarsz; kilyukadni,1.000,1.000,Mire akarsz kilyukadni?,Mire akarsz kilyukadni?
MIDDLE,prat_pratelsky_na_co_cekas_n6Vp,51,dense_two_very_strong_preserved_tokens,,mire; vársz; még,1.000,1.000,Mire vársz még?!,Mire vársz még?!
MIDDLE,idle_kuman_mlu_chcipaku_u_UdEI,51,dense_two_very_strong_preserved_tokens,,most; elvérzel; faszikám,1.000,1.000,"Most elvérzel, faszikám!","Most elvérzel, faszikám!"
MIDDLE,npc__kuman_se__ted_je_roz_6JIo,51,dense_two_very_strong_preserved_tokens,,most; szétcincáljuk; őket,1.000,1.000,Most szétcincáljuk őket!,Most szétcincáljuk őket!
MIDDLE,neco_kuman_nec_tak_se_poh_RfRd,51,dense_two_very_strong_preserved_tokens,,mozdulj; már; meg,1.000,1.000,Mozdulj már meg...,Mozdulj már meg...
MIDDLE,npc__kuman_se__uz_sem_tady_Z24L,51,dense_two_very_strong_preserved_tokens,,már; itt; vagyok,1.000,1.000,Már itt is vagyok!,Már itt is vagyok!
MIDDLE,spol_kuman_spo_ted_uz_nam_sZTm,51,dense_two_very_strong_preserved_tokens,,már; majdnem; kinyúvadt,1.000,1.000,Már majdnem kinyúvadt!,Már majdnem kinyúvadt!
MIDDLE,utrz_kuman_dos_uzvsak_ja__BnyQ,51,dense_two_very_strong_preserved_tokens,,máris; megmutatom; neked,1.000,1.000,Máris... Megmutatom neked....,Máris... Megmutatom neked....
MIDDLE,neco_kuman_nec_kurva_vylez_S6O9,51,dense_two_very_strong_preserved_tokens,,mássz; baszd; meg,1.000,1.000,"Mássz ki, baszd meg!","Mássz ki, baszd meg!"
MIDDLE,meni_menim_si__jeste_neni_L3En,51,dense_two_very_strong_preserved_tokens,,még; nincs; vége,1.000,1.000,Még nincs vége!,Még nincs vége!
MIDDLE,nepr_kuman_kom_uz_mas_dost_UX81,51,dense_two_very_strong_preserved_tokens,,van; eleged; lett,1.000,1.000,"Na mi van, eleged lett?","Na mi van, eleged lett?"
MIDDLE,idle_kuman_mlu_tak_co_je__vu62,51,dense_two_very_strong_preserved_tokens,,van; összeszartad; magad,1.000,1.000,"Na mi van, összeszartad magad?!","Na mi van, összeszartad magad?!"
MIDDLE,odmi_npc_neakc_nein_keine_Ioud,51,dense_two_very_strong_preserved_tokens,,nein; keine; gnade,1.000,1.000,Nein! Keine Gnade!,Nein! Keine Gnade!
MIDDLE,kost_kostky_pa_nein_gar_n_XpkN,51,dense_two_very_strong_preserved_tokens,,nein; gar; nichts,1.000,1.000,"Nein, gar nichts.","Nein, gar nichts."
MIDDLE,comb_pogrom_ut_nenechte_n_IEVq,51,dense_two_very_strong_preserved_tokens,,nenechte; nikoho; naživu,1.000,1.000,Nenechte nikoho naživu!,
MIDDLE,idle_kuman_mlu_nemas_sanc_ufeC,51,dense_two_very_strong_preserved_tokens,,nincs; esélyed; seggfej,1.000,1.000,"Nincs esélyed, seggfej!","Nincs esélyed, seggfej!"
MIDDLE,idle_kuman_mlu_toho_budes_3lmz,51,dense_two_very_strong_preserved_tokens,,nincs; esélyed; nyomorult,1.000,1.000,"Nincs esélyed, te nyomorult!","Nincs esélyed, te nyomorult!"
MIDDLE,kuma_spizovaci_nic_tu_neni_I3vb,51,dense_two_very_strong_preserved_tokens,,nincs; itt; semmi,1.000,1.000,Nincs itt semmi.,Nincs itt semmi.
MIDDLE,utik_utikam_z__vyhral_si__cNVH,51,dense_two_very_strong_preserved_tokens,,nyertél; hagyj; békiben,1.000,1.000,Nyertél... Hagyj békiben.,Nyertél... Hagyj békiben.
MIDDLE,gree_obchodnik_oh_nein_si_gcGS,51,dense_two_very_strong_preserved_tokens,,nein; sie; wieder,1.000,1.000,Oh nein... Sie wieder?,Oh nein... Sie wieder?
MIDDLE,s_he_rychtar_m_vazne_muj__7jPA,51,dense_two_very_strong_preserved_tokens; signal_support,german,gott; sei; dank,0.750,0.750,"Oh, ja? Gott sei Dank! And do you have the book?","Oh, ja? Gott sei Dank! And do you have the book?"
MIDDLE,turn_kutnohors_on_se_snad_46XU,51,dense_two_very_strong_preserved_tokens,,snad; podělal; strachy,1.000,1.000,On se snad podělal strachy...,
MIDDLE,prih_menhart_z_az_nebudes_HYsh,51,signal_supported_two_token_preservation; signal_support,german,für; das; turnier,0.375,0.375,"Once you are not suspected of any crime, I can sign you up für das Turnier.","Once you are not suspected of any crime, I can sign you up für das Turnier."
MIDDLE,gree_pozdrav_m_pal_soste__LQty,51,dense_two_very_strong_preserved_tokens,,pal; soste; džal,1.000,1.000,Pal soste džal?,
MIDDLE,gree_pozdrav_m_pal_soste__X4FX,51,dense_two_very_strong_preserved_tokens,,pal; soste; džal,1.000,1.000,Pal soste džal?,
MIDDLE,o_zi_pisar_tro_praga_capu_sJT0,51,dense_two_very_strong_preserved_tokens,,praga; caput; regni,0.600,0.600,"Praga Caput Regni, young man!","Praga Caput Regni, young man!"
MIDDLE,turn_kutnohors_procpi_mu__pryS,51,dense_two_very_strong_preserved_tokens,,procpi; hrušku; ksichtu,1.000,1.000,Procpi mu tu hrušku do ksichtu!,
MIDDLE,voja_jostuv_vo_prece_je_n_TFqf,51,dense_two_very_strong_preserved_tokens,,přece; nezakopem; grošema,1.000,1.000,Přece je nezakopem i s grošema.,
MIDDLE,gree_pozdrav_m_sar_sal_ga_N3ip,51,dense_two_very_strong_preserved_tokens,,sar; sal; gadjo,1.000,1.000,"Sar sal, gadjo?","Sar sal, gadjo?"
MIDDLE,gree_pozdrav_m_schonen_ta_o6ai,51,dense_two_very_strong_preserved_tokens,,schönen; tag; willst,1.000,1.000,"Schönen Tag, was willst du?","Schönen Tag, was willst du?"
MIDDLE,turn_kutnohors_sem_taaaaa_jJkL,51,dense_two_very_strong_preserved_tokens,,sem; tááááák; vožralej,1.000,1.000,Sem tááááák vožralej!,
MIDDLE,turn_kutnohors_slava_kutn_zD0P,51,dense_two_very_strong_preserved_tokens,,sláva; kutný; hoře,1.000,1.000,Sláva Kutný Hoře!,
MIDDLE,ques_quest_tip_tak_za_nim_osMm,51,dense_two_very_strong_preserved_tokens; signal_support,german,und; viel; erfolg,0.600,0.600,"So try to go and see him, und Viel Erfolg!","So try to go and see him, und Viel Erfolg!"
MIDDLE,nekd_nekdo_si__jen_pod_brzt,51,dense_two_very_strong_preserved_tokens,,szard; össze; magad,1.000,1.000,Szard össze magad!,Szard össze magad!
MIDDLE,poda_kuman_kom_nauc_se_se_70Pc,51,dense_two_very_strong_preserved_tokens,,tanulj; meg; vívni,1.000,1.000,Tanulj meg vívni!,Tanulj meg vívni!
BOTTOM,uvit_jeronym_n_jeho_emine_uFwv,21,short_line_very_strong_preservation,,pozzo,0.333,0.333,"His Eminence, Cardinal Pozzo.","His Eminence, Cardinal Pozzo."
BOTTOM,doml_henry_jmenuje_se_fab_ji0E,21,short_line_very_strong_preservation,,fabrizio,0.500,0.500,His name’s Fabrizio.,His name’s Fabrizio.
BOTTOM,zizk_jan_zizka_krles_Z86H,21,short_line_very_strong_preservation,,hosanna,1.000,1.000,Hosanna!,Hosanna!
BOTTOM,odev_henry_hugo_BgY8,21,short_line_very_strong_preservation,,hugo,1.000,1.000,Hugo?,Hugo?
BOTTOM,oldr_henry_sauvignon_asi__OhRv,21,short_line_very_strong_preservation,,sauvignon,0.333,0.333,I'd say Sauvignon.,I'd say Sauvignon.
BOTTOM,dial_bolek_tak_ja_se_jmen_SV0g,21,short_line_very_strong_preservation,,bolek,0.500,0.500,I'm Bolek.,I'm Bolek.
BOTTOM,ulti_event_tip_jsem_walde_wXqZ,21,short_line_very_strong_preservation,,waldemar,0.500,0.500,I'm Waldemar.,I'm Waldemar.
BOTTOM,dial_bolek_to_sem_ja_bole_8oHZ,21,short_line_very_strong_preservation,,bolek,0.333,0.333,It's me! Bolek! Remember?,It's me! Bolek! Remember?
BOTTOM,redi_reditel_t_janek_pism_ECTi,21,short_line_very_strong_preservation,,janek,0.500,0.500,Janek the Scribbler!,Janek the Scribbler!
BOTTOM,henr_henry_jasak_1f1B,21,short_line_very_strong_preservation,,jasak,1.000,1.000,Jasak.,Jasak.
BOTTOM,dial_lacek_kruci_mAFo,21,short_line_very_strong_preservation,,krucinal,1.000,1.000,Krucinal!,Krucinal!
BOTTOM,cp_z_farar_ant_at_zije_ka_6ycA,21,short_line_very_strong_preservation,,pozzo,0.250,0.250,Long live Cardinal Pozzo!,Long live Cardinal Pozzo!
BOTTOM,cp_z_farar_ant_at_zije_ka_WT4I,21,short_line_very_strong_preservation,,pozzo,0.250,0.250,Long live Cardinal Pozzo!,Long live Cardinal Pozzo!
BOTTOM,s_de_henry_mandelinka_GbA4,21,short_line_very_strong_preservation,,magdalenka,1.000,1.000,Magdalenka!,Magdalenka!
BOTTOM,s_de_henry_marcipan_fX42,21,short_line_very_strong_preservation,,mandorla,1.000,1.000,Mandorla!,Mandorla!
BOTTOM,lece_vesnican__to_donesla_qKF9,21,short_line_very_strong_preservation,,mlada,0.500,0.500,Mlada brought them.,Mlada brought them.
BOTTOM,soud_henry_a_CmsC,21,short_line_very_strong_preservation,,musa,0.500,0.500,Musa is innocent!,Musa is innocent!
BOTTOM,soud_henry_ale_musa_je_op_gHrR,21,short_line_very_strong_preservation,,musa,0.333,0.333,Musa really is innocent!,Musa really is innocent!
BOTTOM,forc_henry_zachranil_me_m_owVf,21,short_line_very_strong_preservation,,musa,0.500,0.500,Musa saved me!,Musa saved me!
BOTTOM,arne_arne_nemec_na_ja_gIzE,21,short_line_very_strong_preservation,,naja,1.000,1.000,Naja.,Naja.
BOTTOM,dial_malesov_c_oh_ehm_dob_mAgb,21,signal_support_plus_strong_preservation; english_reference_differs; signal_support,french,vincenz,0.000,0.333,"Oh… Um… Pardon me, Sir Vincenz.","Oh… Um… Pardon me, Vincenz."
BOTTOM,musa_musa_z_ma_vsechny_ne_z7fp,21,signal_support_plus_strong_preservation; english_reference_differs; signal_support,arabic,allah,0.000,0.250,Only Allah can cure the ill.,It is Allah who treats the ill.
BOTTOM,vajd_henry_nebo_tibor_E5B7,21,short_line_very_strong_preservation,,tibor,1.000,1.000,Or Tibor.,Or Tibor.
BOTTOM,cp_z_farar_pet_petrus_WKMf,21,short_line_very_strong_preservation,,petrus,1.000,1.000,Petrus.,Petrus.
BOTTOM,s_dc_pavlena_d_roman_je_m_NDlB,21,short_line_very_strong_preservation,,roman,0.500,0.500,Roman is dead…,Roman is dead…
BOTTOM,s_je_jezek_z_t_roman_ASqM,21,short_line_very_strong_preservation,,roman,1.000,1.000,Roman?!,Roman?!
BOTTOM,tria_marketa_kurva_mel_si_5Wj4,21,short_line_very_strong_preservation,,sakra,0.500,0.500,Sakra! Shut up!,Sakra! Shut up!
BOTTOM,chat_cerny_bar_jo_to_v_pr_MC4z,21,short_line_very_strong_preservation,,sakra,0.333,0.333,"Sakra, I miss Prague!","Sakra, I miss Prague!"
BOTTOM,dial_henry_sakra_ja_mam_f_3OsA,21,short_line_very_strong_preservation,,sakra,0.333,0.333,"Sakra, just my luck.","Sakra, just my luck."
BOTTOM,psan_diktator__sakra_to_j_d457,21,short_line_very_strong_preservation,,sakra,0.333,0.333,"Sakra, that's true.","Sakra, that's true."
BOTTOM,npc__muz_samom_sakra_ach_OrgN,21,short_line_very_strong_preservation,,sakra,0.500,0.500,"Sakra, ugh.","Sakra, ugh."
BOTTOM,chat_event_kap_hmmm_sIMW,21,short_line_very_strong_preservation,,sakra,1.000,1.000,Sakra...,Sakra...
BOTTOM,jind_jindrich__sakra_Kyft,21,short_line_very_strong_preservation,,sakra,1.000,1.000,Sakra...,Sakra...
BOTTOM,s_si_henry_sakra_1ve3,21,short_line_very_strong_preservation,,sakra,1.000,1.000,Sakra...,Sakra...
BOTTOM,samk_henry_samko_qLV9,21,short_line_very_strong_preservation,,samko,1.000,1.000,Samko?,Samko?
BOTTOM,oldr_henry_sangiovese__ju_gfZj,21,short_line_very_strong_preservation,,sangiovese,0.333,0.333,Sangiovese - Jupiter's blood.,Sangiovese - Jupiter's blood.
BOTTOM,tara_taras_mura_taras_to__alRh,21,short_line_very_strong_preservation,,taras,0.500,0.500,Taras will find it…,Taras will find it…
BOTTOM,obec_henry_gejza_GtMu,21,short_line_very_strong_preservation,,gejza,0.500,0.500,What was Gejza like?,What was Gejza like?
BOTTOM,kde__henry_morticius_je_m_Ys4x,21,short_line_very_strong_preservation,,morticius,0.500,0.500,What? Morticius is dead?,What? Morticius is dead?
BOTTOM,kde__henry_morticius_je_m_xBCq,21,short_line_very_strong_preservation,,morticius,0.500,0.500,What? Morticius is dead?,What? Morticius is dead?
BOTTOM,plan_jan_zizka_a_jeste_ne_poAJ,18,signal_support_plus_strong_preservation; signal_support,czech; slovak,suchdol,0.000,0.077,"And another thing! The Devil's Den is no longer safe, so after the attack, we'll pull back to Suchdol Fortress.","And another thing! The Devil's Den is no longer safe, so after the attack, we'll pull back to Suchdol Fortress."
BOTTOM,sam__henry_mozna_se_pred__K4Jl,18,signal_support_plus_strong_preservation; signal_support,czech; slovak,zizka,0.000,0.111,I'll go back to the Devil's Den to Zizka and the others. We need to figure out what to do next.,I'll go back to the Devil's Den to Zizka and the others. We need to figure out what to do next.
BOTTOM,jan__henry_ze_si_to_farka_6ADA,18,signal_support_plus_strong_preservation; signal_support,hungarian,farkas,0.000,0.167,That Farkas is already burning in hell. I sent him there myself.,That Farkas is already burning in hell. I sent him there myself.
BOTTOM,sam__sara_samo_dalo_by_se_ThiK,18,signal_support_plus_strong_preservation; signal_support,yiddish_hebrew,martin,0.000,0.067,The rabbi gathered the goodmen so they could decide whether we wanted to have a goy blacksmith. And Martin wouldn't stop looking at me all night!,The rabbi gathered the goodmen so they could decide whether we wanted to have a goy blacksmith. And Martin wouldn't stop looking at me all night!
BOTTOM,samu_samuel_he__no_to_je__HKd3,17,signal_support_plus_strong_preservation; signal_support,yiddish_hebrew,goy,0.000,0.167,Heh heh… good one! A goy lecturing a Jew on Hebrew!,Heh heh… good one! A goy lecturing a Jew on hebrew!
BOTTOM,forc_musa_z_ma_kazde_stvo_qIML,16,signal_support_plus_strong_preservation; signal_support,arabic,allah,0.000,0.100,"Every creature is beautiful and noble, for Allah created them thus! I am just admiring his work.","Every creature is beautiful and noble, for Allah created them thus! I am just admiring his work."
BOTTOM,npc__npc_prezi_fuj_uz_jse_Ao6r,16,signal_support_plus_strong_preservation; signal_support,german,fuj,0.000,0.200,Fuj… I thought my gut was going to burst.,Fuj… I thought my gut was going to burst.
BOTTOM,samu_samuel_to_bych_bejt__4CYG,16,signal_support_plus_strong_preservation; signal_support,yiddish_hebrew,goyim,0.000,0.250,Goyim rarely wander in here with good intentions.,Goyim rarely wander in here with good intentions.
BOTTOM,cust_henry_nic_nevim__boh_il5S,16,signal_support_plus_strong_preservation; signal_support,german,erik,0.000,0.111,"I'll kill you. And your Erik will have to watch. And as soon as I'm finished with you, I'll gut him as well.","I'll kill you. And your Erik will have to watch. And as soon as I'm finished with you, I'll gut him as well."
BOTTOM,s_bo_henry_takze_bysme_me_4jZA,16,signal_support_plus_strong_preservation; signal_support,yiddish_hebrew,samuel,0.000,0.125,So we should take Samuel to Kolin as soon as possible so the rabbi can take care of it.,So we should take Samuel to Kolin as soon as possible so the rabbi can take care of it.
